"Date","Performed_Tests","Total_tests_per_thousand","Daily_Tests","New_tests_per_thousand","Confirmed_cases","Total_cases_per_million","Active_cases","New_daily_cases","New_cases_per_million","Positive_rate","Hospitalized","Hosp_patients_per_million","In_ICU","ICU_patients_per_million","Recovered","Daily_recovered","Deaths","Total_deaths_per_million","Daily_deaths","New_deaths_per_million","Reproduction_rate","Total_vaccinations","People_vaccinated","People_fully_vaccinated","New_vaccinations","Total_vaccinations_per_hundred","People_vaccinated_per_hundred","People_fully_vaccinated_per_hundred"
2020-03-08,NA,NA,NA,NA,4,0.576,NA,4,0.576,NA,NA,NA,NA,NA,NA,NA,0,0,0,0,NA,NA,NA,NA,NA,NA,NA,NA
2020-03-09,NA,NA,NA,NA,4,0.576,NA,0,0,NA,NA,NA,NA,NA,NA,NA,0,0,0,0,NA,NA,NA,NA,NA,NA,NA,NA
2020-03-10,NA,NA,NA,NA,4,0.576,NA,0,0,NA,NA,NA,NA,NA,NA,NA,0,0,0,0,NA,NA,NA,NA,NA,NA,NA,NA
2020-03-11,NA,NA,NA,NA,7,1.007,NA,3,0.432,NA,NA,NA,NA,NA,NA,NA,1,0.144,1,0.144,NA,NA,NA,NA,NA,NA,NA,NA
2020-03-12,NA,NA,NA,NA,7,1.007,NA,0,0,NA,NA,NA,NA,NA,NA,NA,1,0.144,0,0,NA,NA,NA,NA,NA,NA,NA,NA
2020-03-13,NA,NA,NA,NA,23,3.31,NA,16,2.303,NA,NA,NA,NA,NA,NA,NA,1,0.144,0,0,NA,NA,NA,NA,NA,NA,NA,NA
2020-03-14,NA,NA,NA,NA,41,5.901,NA,18,2.591,NA,NA,NA,NA,NA,NA,NA,2,0.288,1,0.144,NA,NA,NA,NA,NA,NA,NA,NA
2020-03-15,NA,NA,NA,NA,51,7.34,NA,10,1.439,NA,NA,NA,NA,NA,NA,NA,2,0.288,0,0,NA,NA,NA,NA,NA,NA,NA,NA
2020-03-16,NA,NA,NA,NA,52,7.484,NA,1,0.144,NA,NA,NA,NA,NA,NA,NA,2,0.288,0,0,NA,NA,NA,NA,NA,NA,NA,NA
2020-03-17,NA,NA,NA,NA,67,9.642,NA,15,2.159,NA,NA,NA,NA,NA,NA,NA,2,0.288,0,0,NA,NA,NA,NA,NA,NA,NA,NA
2020-03-18,NA,NA,NA,NA,92,13.24,NA,25,3.598,NA,NA,NA,NA,NA,NA,NA,2,0.288,0,0,NA,NA,NA,NA,NA,NA,NA,NA
2020-03-19,NA,NA,NA,NA,94,13.528,NA,2,0.288,NA,NA,NA,NA,NA,NA,NA,3,0.432,1,0.144,NA,NA,NA,NA,NA,NA,NA,NA
2020-03-20,NA,NA,NA,NA,127,18.277,NA,33,4.749,NA,NA,NA,NA,NA,NA,NA,3,0.432,0,0,NA,NA,NA,NA,NA,NA,NA,NA
2020-03-21,NA,NA,NA,NA,163,23.458,NA,36,5.181,NA,NA,NA,NA,NA,NA,NA,3,0.432,0,0,1.3,NA,NA,NA,NA,NA,NA,NA
2020-03-22,NA,NA,NA,NA,187,26.912,NA,24,3.454,NA,NA,NA,NA,NA,NA,NA,3,0.432,0,0,1.27,NA,NA,NA,NA,NA,NA,NA
2020-03-23,NA,NA,NA,NA,201,28.927,NA,14,2.015,NA,NA,NA,NA,NA,NA,NA,3,0.432,0,0,1.22,NA,NA,NA,NA,NA,NA,NA
2020-03-24,NA,NA,NA,NA,218,31.374,NA,17,2.447,NA,NA,NA,NA,NA,NA,NA,3,0.432,0,0,1.18,NA,NA,NA,NA,NA,NA,NA
2020-03-25,NA,NA,NA,NA,242,34.828,NA,24,3.454,NA,NA,NA,NA,NA,NA,NA,3,0.432,0,0,1.17,NA,NA,NA,NA,NA,NA,NA
2020-03-26,NA,NA,NA,NA,264,37.994,NA,22,3.166,NA,NA,NA,NA,NA,NA,NA,3,0.432,0,0,1.16,NA,NA,NA,NA,NA,NA,NA
2020-03-27,NA,NA,NA,NA,293,42.168,NA,29,4.174,NA,NA,NA,NA,NA,NA,NA,3,0.432,0,0,1.17,NA,NA,NA,NA,NA,NA,NA
2020-03-28,NA,NA,NA,NA,331,47.637,NA,38,5.469,NA,NA,NA,NA,NA,NA,NA,7,1.007,4,0.576,1.17,NA,NA,NA,NA,NA,NA,NA
2020-03-29,NA,NA,NA,NA,346,49.795,NA,15,2.159,NA,NA,NA,NA,NA,NA,NA,8,1.151,1,0.144,1.16,NA,NA,NA,NA,NA,NA,NA
2020-03-30,NA,NA,NA,NA,359,51.666,NA,13,1.871,NA,NA,NA,NA,NA,NA,NA,8,1.151,0,0,1.15,NA,NA,NA,NA,NA,NA,NA
2020-03-31,NA,NA,NA,NA,399,57.423,NA,40,5.757,NA,NA,NA,NA,NA,NA,NA,8,1.151,0,0,1.15,NA,NA,NA,NA,NA,NA,NA
2020-04-01,NA,NA,NA,NA,422,60.733,NA,23,3.31,NA,NA,NA,NA,NA,NA,NA,10,1.439,2,0.288,1.12,NA,NA,NA,NA,NA,NA,NA
2020-04-02,NA,NA,NA,NA,457,65.77,NA,35,5.037,NA,NA,NA,NA,NA,NA,NA,10,1.439,0,0,1.09,NA,NA,NA,NA,NA,NA,NA
2020-04-03,NA,NA,NA,NA,485,69.8,NA,28,4.03,NA,NA,NA,NA,NA,NA,NA,14,2.015,4,0.576,1.07,NA,NA,NA,NA,NA,NA,NA
2020-04-04,NA,NA,NA,NA,503,72.39,NA,18,2.591,NA,NA,NA,NA,NA,NA,NA,17,2.447,3,0.432,1.05,NA,NA,NA,NA,NA,NA,NA
2020-04-05,NA,NA,NA,NA,531,76.42,NA,28,4.03,NA,NA,NA,NA,NA,NA,NA,20,2.878,3,0.432,1.05,NA,NA,NA,NA,NA,NA,NA
2020-04-06,NA,NA,NA,NA,549,79.01,NA,18,2.591,NA,210,30.223,26,3.742,NA,NA,22,3.166,2,0.288,1.04,NA,NA,NA,NA,NA,NA,NA
2020-04-07,NA,NA,NA,NA,577,83.04,NA,28,4.03,NA,213,30.654,26,3.742,NA,NA,23,3.31,1,0.144,1.01,NA,NA,NA,NA,NA,NA,NA
2020-04-08,NA,NA,NA,NA,593,85.343,NA,16,2.303,NA,233,33.533,27,3.886,NA,NA,24,3.454,1,0.144,0.99,NA,NA,NA,NA,NA,NA,NA
2020-04-09,NA,NA,NA,NA,618,88.941,NA,25,3.598,NA,233,33.533,32,4.605,NA,NA,24,3.454,0,0,0.99,NA,NA,NA,NA,NA,NA,NA
2020-04-10,NA,NA,NA,NA,635,91.387,NA,17,2.447,NA,231,33.245,33,4.749,NA,NA,25,3.598,1,0.144,1,NA,NA,NA,NA,NA,NA,NA
2020-04-11,18502,2.663,NA,NA,661,95.129,NA,26,3.742,NA,231,33.245,35,5.037,NA,NA,28,4.03,3,0.432,1.05,NA,NA,NA,NA,NA,NA,NA
2020-04-12,NA,NA,NA,NA,675,97.144,NA,14,2.015,NA,230,33.101,36,5.181,NA,NA,29,4.174,1,0.144,1.09,NA,NA,NA,NA,NA,NA,NA
2020-04-13,NA,NA,NA,NA,685,98.583,NA,10,1.439,NA,230,33.101,36,5.181,NA,NA,32,4.605,3,0.432,1.14,NA,NA,NA,NA,NA,NA,NA
2020-04-14,NA,NA,NA,NA,713,102.613,NA,28,4.03,NA,209,30.079,29,4.174,NA,NA,35,5.037,3,0.432,1.2,NA,NA,NA,NA,NA,NA,NA
2020-04-15,NA,NA,NA,NA,747,107.506,NA,34,4.893,NA,218,31.374,31,4.461,NA,NA,36,5.181,1,0.144,1.27,NA,NA,NA,NA,NA,NA,NA
2020-04-16,NA,NA,NA,NA,800,115.134,NA,53,7.628,NA,227,32.669,37,5.325,NA,NA,38,5.469,2,0.288,1.31,NA,NA,NA,NA,NA,NA,NA
2020-04-17,NA,NA,NA,NA,846,121.754,NA,46,6.62,NA,244,35.116,44,6.332,NA,NA,41,5.901,3,0.432,1.31,NA,NA,NA,NA,NA,NA,NA
2020-04-18,NA,NA,NA,NA,878,126.359,NA,32,4.605,0.031,246,35.404,44,6.332,NA,NA,41,5.901,0,0,1.32,NA,NA,NA,NA,NA,NA,NA
2020-04-19,26417,3.802,NA,NA,894,128.662,NA,16,2.303,0.032,259,37.275,36,5.181,NA,NA,42,6.045,1,0.144,1.33,NA,NA,NA,NA,NA,NA,NA
2020-04-20,NA,NA,NA,NA,929,133.699,NA,35,5.037,0.04,268,38.57,36,5.181,NA,NA,43,6.188,1,0.144,1.37,NA,NA,NA,NA,NA,NA,NA
2020-04-21,NA,NA,NA,NA,975,140.319,NA,46,6.62,0.049,268,38.57,34,4.893,NA,NA,45,6.476,2,0.288,1.4,NA,NA,NA,NA,NA,NA,NA
2020-04-22,27000,3.886,NA,NA,1024,147.371,NA,49,7.052,0.061,281,40.441,40,5.757,NA,NA,49,7.052,4,0.576,1.42,NA,NA,NA,NA,NA,NA,NA
2020-04-23,NA,NA,NA,NA,1097,157.877,NA,73,10.506,0.048,270,38.858,37,5.325,NA,NA,52,7.484,3,0.432,1.44,NA,NA,NA,NA,NA,NA,NA
2020-04-24,NA,NA,NA,NA,1234,177.594,NA,137,19.717,0.05,282,40.585,41,5.901,NA,NA,54,7.772,2,0.288,1.43,NA,NA,NA,NA,NA,NA,NA
2020-04-25,NA,NA,NA,NA,1247,179.465,NA,13,1.871,0.039,292,42.024,41,5.901,NA,NA,55,7.915,1,0.144,1.33,NA,NA,NA,NA,NA,NA,NA
2020-04-26,NA,NA,NA,NA,1300,187.092,NA,53,7.628,0.037,292,42.024,37,5.325,NA,NA,56,8.059,1,0.144,1.28,NA,NA,NA,NA,NA,NA,NA
2020-04-27,NA,NA,NA,NA,1363,196.159,NA,63,9.067,0.032,301,43.319,41,5.901,NA,NA,58,8.347,2,0.288,1.22,NA,NA,NA,NA,NA,NA,NA
2020-04-28,NA,NA,NA,NA,1399,201.34,NA,36,5.181,0.027,301,43.319,39,5.613,NA,NA,58,8.347,0,0,1.14,NA,NA,NA,NA,NA,NA,NA
2020-04-29,45208,6.506,NA,NA,1447,208.248,NA,48,6.908,0.023,287,41.304,39,5.613,NA,NA,64,9.211,6,0.864,1.09,NA,NA,NA,NA,NA,NA,NA
2020-04-30,NA,NA,NA,NA,1506,216.739,NA,59,8.491,0.025,317,45.622,40,5.757,NA,NA,66,9.499,2,0.288,1.05,NA,NA,NA,NA,NA,NA,NA
2020-05-01,46510,6.694,NA,NA,1555,223.791,NA,49,7.052,0.022,317,45.622,43,6.188,NA,NA,68,9.786,2,0.288,1.02,NA,NA,NA,NA,NA,NA,NA
2020-05-02,47636,6.856,NA,0.162,1594,229.404,NA,39,5.613,0.027,321,46.197,43,6.188,NA,NA,72,10.362,4,0.576,1.01,NA,NA,NA,NA,NA,NA,NA
2020-05-03,48618,6.997,NA,0.141,1618,232.858,NA,24,3.454,0.028,321,46.197,40,5.757,NA,NA,73,10.506,1,0.144,1,NA,NA,NA,NA,NA,NA,NA
2020-05-04,49145,7.073,NA,0.076,1652,237.751,NA,34,4.893,0.032,321,46.197,40,5.757,NA,NA,78,11.226,5,0.72,1.01,NA,NA,NA,NA,NA,NA,NA
2020-05-05,50303,7.239,NA,0.167,1704,245.235,NA,52,7.484,0.04,316,45.478,37,5.325,NA,NA,80,11.513,2,0.288,1.02,NA,NA,NA,NA,NA,NA,NA
2020-05-06,51768,7.45,NA,0.211,1778,255.885,NA,74,10.65,0.05,316,45.478,39,5.613,NA,NA,84,12.089,4,0.576,1.01,NA,NA,NA,NA,NA,NA,NA
2020-05-07,52931,7.618,NA,0.167,1829,263.224,NA,51,7.34,0.046,353,50.803,38,5.469,NA,NA,84,12.089,0,0,0.98,NA,NA,NA,NA,NA,NA,NA
2020-05-08,54328,7.819,NA,0.201,1872,269.413,NA,43,6.188,0.041,355,51.091,43,6.188,NA,NA,86,12.377,2,0.288,0.95,NA,NA,NA,NA,NA,NA,NA
2020-05-09,56105,8.074,NA,0.256,1921,276.465,NA,49,7.052,0.039,380,54.688,49,7.052,NA,NA,90,12.953,4,0.576,0.95,NA,NA,NA,NA,NA,NA,NA
2020-05-10,57231,8.237,NA,0.162,1965,282.797,NA,44,6.332,0.04,389,55.984,56,8.059,NA,NA,91,13.096,1,0.144,0.93,NA,NA,NA,NA,NA,NA,NA
2020-05-11,57634,8.295,NA,0.058,1990,286.395,NA,25,3.598,0.04,385,55.408,58,8.347,NA,NA,93,13.384,2,0.288,0.9,NA,NA,NA,NA,NA,NA,NA
2020-05-12,58713,8.45,NA,0.155,2023,291.144,NA,33,4.749,0.038,368,52.961,50,7.196,NA,NA,95,13.672,2,0.288,0.88,NA,NA,NA,NA,NA,NA,NA
2020-05-13,60100,8.649,NA,0.2,2069,297.764,NA,46,6.62,0.035,365,52.53,51,7.34,NA,NA,96,13.816,1,0.144,0.86,NA,NA,NA,NA,NA,NA,NA
2020-05-14,61711,8.881,NA,0.232,2100,302.226,NA,31,4.461,0.031,365,52.53,51,7.34,NA,NA,99,14.248,3,0.432,0.84,NA,NA,NA,NA,NA,NA,NA
2020-05-15,63319,9.113,NA,0.231,2138,307.695,NA,38,5.469,0.03,321,46.197,49,7.052,NA,NA,102,14.68,3,0.432,0.84,NA,NA,NA,NA,NA,NA,NA
2020-05-16,64480,9.28,NA,0.167,2175,313.02,NA,37,5.325,0.03,322,46.341,45,6.476,NA,NA,105,15.111,3,0.432,0.85,NA,NA,NA,NA,NA,NA,NA
2020-05-17,65574,9.437,NA,0.157,2211,318.201,NA,36,5.181,0.029,323,46.485,46,6.62,NA,NA,108,15.543,3,0.432,0.86,NA,NA,NA,NA,NA,NA,NA
2020-05-18,65936,9.489,NA,0.052,2235,321.655,NA,24,3.454,0.03,329,47.349,43,6.188,NA,NA,110,15.831,2,0.288,0.84,NA,NA,NA,NA,NA,NA,NA
2020-05-19,66810,9.615,NA,0.126,2259,325.109,NA,24,3.454,0.029,299,43.031,36,5.181,NA,NA,112,16.119,2,0.288,0.82,NA,NA,NA,NA,NA,NA,NA
2020-05-20,68243,9.821,NA,0.206,2292,329.858,NA,33,4.749,0.027,285,41.016,33,4.749,NA,NA,116,16.694,4,0.576,0.82,NA,NA,NA,NA,NA,NA,NA
2020-05-21,NA,NA,NA,NA,2331,335.471,NA,39,5.613,0.028,287,41.304,31,4.461,NA,NA,120,17.27,4,0.576,0.82,NA,NA,NA,NA,NA,NA,NA
2020-05-22,71605,10.305,NA,NA,2372,341.371,NA,41,5.901,0.028,258,37.131,29,4.174,NA,NA,125,17.99,5,0.72,0.81,NA,NA,NA,NA,NA,NA,NA
2020-05-23,73210,10.536,NA,0.231,2408,346.552,NA,36,5.181,0.027,258,37.131,29,4.174,NA,NA,126,18.134,1,0.144,0.79,NA,NA,NA,NA,NA,NA,NA
2020-05-24,74096,10.664,NA,0.128,2427,349.287,NA,19,2.734,0.025,234,33.677,22,3.166,NA,NA,130,18.709,4,0.576,0.76,NA,NA,NA,NA,NA,NA,NA
2020-05-25,74539,10.727,NA,0.064,2433,350.15,NA,6,0.864,0.023,235,33.821,20,2.878,NA,NA,130,18.709,0,0,0.73,NA,NA,NA,NA,NA,NA,NA
2020-05-26,74834,10.77,NA,0.042,2443,351.589,NA,10,1.439,0.023,229,32.957,21,3.022,NA,NA,130,18.709,0,0,0.71,NA,NA,NA,NA,NA,NA,NA
2020-05-27,76391,10.994,NA,0.224,2460,354.036,NA,17,2.447,0.021,229,32.957,22,3.166,NA,NA,133,19.141,3,0.432,0.72,NA,NA,NA,NA,NA,NA,NA
2020-05-28,77664,11.177,NA,0.183,2477,356.483,NA,17,2.447,0.019,198,28.496,20,2.878,NA,NA,134,19.285,1,0.144,0.74,NA,NA,NA,NA,NA,NA,NA
2020-05-29,79389,11.425,NA,0.248,2485,357.634,NA,8,1.151,0.015,191,27.488,20,2.878,NA,NA,136,19.573,2,0.288,0.78,NA,NA,NA,NA,NA,NA,NA
2020-05-30,80742,11.62,NA,0.195,2499,359.649,NA,14,2.015,0.012,165,23.746,18,2.591,NA,NA,139,20.004,3,0.432,0.85,NA,NA,NA,NA,NA,NA,NA
2020-05-31,81348,11.707,NA,0.087,2513,361.664,NA,14,2.015,0.012,161,23.171,17,2.447,NA,NA,140,20.148,1,0.144,0.95,NA,NA,NA,NA,NA,NA,NA
2020-06-01,81694,11.757,NA,0.05,2519,362.527,NA,6,0.864,0.012,153,22.019,16,2.303,NA,NA,140,20.148,0,0,1.03,NA,NA,NA,NA,NA,NA,NA
2020-06-02,82914,11.933,NA,0.176,2538,365.262,NA,19,2.734,0.012,141,20.292,20,2.878,NA,NA,144,20.724,4,0.576,1.14,NA,NA,NA,NA,NA,NA,NA
2020-06-03,84261,12.127,NA,0.194,2560,368.428,NA,22,3.166,0.013,132,18.997,9,1.295,NA,NA,146,21.012,2,0.288,1.27,NA,NA,NA,NA,NA,NA,NA
2020-06-04,85830,12.352,NA,0.226,2585,372.026,NA,25,3.598,0.013,141,20.292,8,1.151,NA,NA,147,21.156,1,0.144,1.41,NA,NA,NA,NA,NA,NA,NA
2020-06-05,87890,12.649,NA,0.296,2627,378.07,NA,42,6.045,0.017,149,21.444,8,1.151,NA,NA,159,22.883,12,1.727,1.56,NA,NA,NA,NA,NA,NA,NA
2020-06-06,89902,12.821,2012,0.172,2668,390.159,980,41,12.089,0.025,147,21.156,12,1.727,1528,138,160,23.027,1,0.144,1.68,NA,NA,NA,NA,NA,NA,NA
2020-06-07,90329,12.938,1252,0.117,2711,392.462,1006,43,2.303,0.025,155,22.307,12,1.727,1545,17,160,23.027,0,0,1.71,NA,NA,NA,NA,NA,NA,NA
2020-06-08,90329,13,427,0.061,2727,404.407,1019,16,11.945,0.034,158,22.739,12,1.727,1548,3,160,23.602,0,0.576,1.75,NA,NA,NA,NA,NA,NA,NA
2020-06-09,91735,13.202,1406,0.202,2810,415.776,1059,83,11.369,0.04,152,21.875,15,2.159,1587,39,164,24.034,4,0.432,1.73,NA,NA,NA,NA,NA,NA,NA
2020-06-10,93512,13.458,1777,0.256,2889,430.744,1099,79,14.967,0.047,161,23.171,13,1.871,1623,36,167,24.034,3,0,1.69,NA,NA,NA,NA,NA,NA,NA
2020-06-11,95820,13.79,2308,0.332,2993,444.128,1162,104,13.384,0.05,187,26.912,17,2.447,1664,41,167,24.178,0,0.144,1.62,NA,NA,NA,NA,NA,NA,NA
2020-06-12,98460,14.17,2640,0.38,3086,459.239,1230,93,15.111,0.053,204,29.359,15,2.159,1688,24,168,24.754,1,0.576,1.55,NA,NA,NA,NA,NA,NA,NA
2020-06-13,101102,14.55,2642,0.38,3191,470.033,1303,105,10.794,0.046,215,30.942,15,2.159,1716,28,172,24.754,4,0,1.47,NA,NA,NA,NA,NA,NA,NA
2020-06-14,103077,14.835,1975,0.284,3266,473.487,1371,75,3.454,0.043,247,35.548,16,2.303,1723,7,172,25.042,0,0.288,1.42,NA,NA,NA,NA,NA,NA,NA
2020-06-15,104486,15.037,1409,0.203,3290,480.827,1386,24,7.34,0.038,244,35.116,15,2.159,1730,7,174,25.329,2,0.288,1.39,NA,NA,NA,NA,NA,NA,NA
2020-06-16,106280,15.59,1794,0.552,3341,496.946,1381,51,16.119,0.034,253,36.411,14,2.015,1784,54,176,26.049,2,0.72,1.38,NA,NA,NA,NA,NA,NA,NA
2020-06-17,108325,NA,2045,NA,3453,509.754,1455,112,12.809,0.033,267,38.426,13,1.871,1817,33,181,26.481,5,0.432,1.36,NA,NA,NA,NA,NA,NA,NA
2020-06-18,110379,16.188,2054,NA,3542,528.751,1478,89,18.997,0.035,276,39.721,12,1.727,1880,63,184,27.344,3,0.864,1.35,NA,NA,NA,NA,NA,NA,NA
2020-06-19,112483,NA,2104,NA,3674,540.409,1543,132,11.657,0.035,289,41.592,13,1.871,1941,61,190,27.776,6,0.432,1.32,NA,NA,NA,NA,NA,NA,NA
2020-06-20,114854,16.725,2371,NA,3755,557.247,1554,81,16.838,0.04,314,45.19,17,2.447,2008,67,193,28.64,3,0.864,1.31,NA,NA,NA,NA,NA,NA,NA
2020-06-21,116214,NA,1360,NA,3872,561.996,1646,117,4.749,0.046,322,46.341,13,1.871,2027,19,199,28.64,6,0,1.3,NA,NA,NA,NA,NA,NA,NA
2020-06-22,116780,16.807,566,NA,3905,573.366,1632,33,11.369,0.052,322,46.341,13,1.871,2074,47,199,29.791,0,1.151,1.29,NA,NA,NA,NA,NA,NA,NA
2020-06-23,119556,17.206,2776,0.4,3984,592.075,1606,79,18.709,0.059,341,49.076,11,1.583,2171,97,207,29.935,8,0.144,1.3,NA,NA,NA,NA,NA,NA,NA
2020-06-24,122502,17.63,2946,0.424,4114,610.496,1689,130,18.421,0.058,362,52.098,13,1.871,2217,46,208,30.079,1,0.144,1.3,NA,NA,NA,NA,NA,NA,NA
2020-06-25,125518,18.064,3016,0.434,4242,634.387,1770,128,23.89,0.056,390,56.128,16,2.303,2263,46,209,30.367,1,0.288,1.29,NA,NA,NA,NA,NA,NA,NA
2020-06-26,128293,18.464,2775,0.399,4408,649.498,1827,166,15.111,0.054,384,55.264,16,2.303,2370,107,211,30.942,2,0.576,1.27,NA,NA,NA,NA,NA,NA,NA
2020-06-27,131043,18.859,2750,0.396,4513,665.617,1841,105,16.119,0.051,392,56.416,18,2.591,2457,87,215,31.086,4,0.144,1.27,NA,NA,NA,NA,NA,NA,NA
2020-06-28,132571,19.079,1528,0.22,4625,675.115,1934,112,9.499,0.049,423,60.877,20,2.878,2475,18,216,31.518,1,0.432,1.29,NA,NA,NA,NA,NA,NA,NA
2020-06-29,133605,19.228,1034,0.149,4691,695.263,1964,66,20.148,0.05,423,60.877,25,3.598,2508,33,219,32.094,3,0.576,1.3,NA,NA,NA,NA,NA,NA,NA
2020-06-30,138130,19.879,4525,0.651,4831,718.002,2026,140,22.739,0.047,434,62.46,31,4.461,2582,74,223,33.101,4,1.007,1.29,NA,NA,NA,NA,NA,NA,NA
2020-07-01,141473,20.36,3343,0.481,4989,741.749,2083,158,23.746,0.048,435,62.604,32,4.605,2676,94,230,33.389,7,0.288,1.28,NA,NA,NA,NA,NA,NA,NA
2020-07-02,144369,20.777,2896,0.417,5154,764.919,2200,165,23.171,0.048,446,64.187,32,4.605,2722,46,232,33.389,2,0,1.28,NA,NA,NA,NA,NA,NA,NA
2020-07-03,147524,21.231,3155,0.454,5315,791.112,2281,161,26.193,0.051,443,63.755,31,4.461,2802,80,232,34.396,0,1.007,1.29,NA,NA,NA,NA,NA,NA,NA
2020-07-04,150062,21.596,2538,0.365,5497,817.017,2366,182,25.905,0.055,450,64.763,29,4.174,2892,90,239,34.684,7,0.288,1.29,NA,NA,NA,NA,NA,NA,NA
2020-07-05,152653,22.102,2591,0.506,5677,826.084,2538,180,9.067,0.05,463,66.634,29,4.174,2898,6,241,35.404,2,0.72,1.3,NA,NA,NA,NA,NA,NA,NA
2020-07-06,153576,22.502,923,0.399,5740,851.126,2579,63,25.042,0.048,458,65.914,28,4.03,2915,17,246,35.979,5,0.576,1.3,NA,NA,NA,NA,NA,NA,NA
2020-07-07,156351,NA,2775,NA,5914,878.182,2664,174,27.056,0.056,470,67.641,29,4.174,3000,85,250,36.555,4,0.576,1.3,NA,NA,NA,NA,NA,NA,NA
2020-07-08,159818,23.001,3467,NA,6102,912.722,2811,188,34.54,0.065,483,69.512,32,4.605,3037,37,254,37.275,4,0.72,1.31,NA,NA,NA,NA,NA,NA,NA
2020-07-09,164104,23.617,4286,0.617,6342,960.215,2917,240,47.493,0.069,498,71.671,29,4.174,3166,129,259,37.706,5,0.432,1.31,NA,NA,NA,NA,NA,NA,NA
2020-07-10,167790,24.148,3686,0.53,6672,1002.239,3181,330,42.024,0.072,525,75.556,28,4.03,3229,63,262,38.426,3,0.72,1.28,NA,NA,NA,NA,NA,NA,NA
2020-07-11,172330,24.801,4540,0.653,6964,1032.605,3389,292,30.367,0.067,516,74.261,32,4.605,3308,79,267,38.426,5,0,1.24,NA,NA,NA,NA,NA,NA,NA
2020-07-12,175136,25.205,2806,0.404,7175,1043.687,3597,211,11.082,0.07,532,76.564,33,4.749,3311,3,267,38.57,0,0.144,1.2,NA,NA,NA,NA,NA,NA,NA
2020-07-13,176334,25.377,1198,0.172,7252,1066.57,3665,77,22.883,0.075,535,76.996,33,4.749,3319,8,268,39.721,1,1.151,1.18,NA,NA,NA,NA,NA,NA,NA
2020-07-14,179675,25.858,3341,0.481,7411,1100.246,3618,159,33.677,0.071,529,76.132,29,4.174,3517,198,276,40.729,8,1.007,1.16,NA,NA,NA,NA,NA,NA,NA
2020-07-15,184560,26.561,4885,0.703,7645,1133.635,3699,234,33.389,0.062,551,79.298,27,3.886,3663,146,283,41.592,7,0.864,1.15,NA,NA,NA,NA,NA,NA,NA
2020-07-16,189953,27.337,5393,0.776,7877,1172.061,3747,232,38.426,0.057,575,82.752,28,4.03,3841,178,289,42.168,6,0.576,1.14,NA,NA,NA,NA,NA,NA,NA
2020-07-17,196479,28.277,6526,0.939,8144,1214.948,3924,267,42.887,0.052,582,83.76,28,4.03,3927,86,293,42.743,4,0.576,1.14,NA,NA,NA,NA,NA,NA,NA
2020-07-18,201363,28.98,4884,0.703,8442,1243.156,4112,298,28.208,0.05,606,87.214,33,4.749,4033,106,297,43.031,4,0.288,1.13,NA,NA,NA,NA,NA,NA,NA
2020-07-19,203366,29.268,2003,0.288,8638,1256.828,4258,196,13.672,0.052,605,87.07,34,4.893,4081,48,299,43.175,2,0.144,1.13,NA,NA,NA,NA,NA,NA,NA
2020-07-20,206521,29.722,3155,0.454,8733,1285.036,4327,95,28.208,0.05,610,87.789,34,4.893,4106,25,300,44.326,1,1.151,1.13,NA,NA,NA,NA,NA,NA,NA
2020-07-21,210207,31.024,3686,1.303,8929,1331.809,4416,196,46.773,0.045,624,89.804,34,4.893,4205,99,308,45.046,8,0.72,1.12,NA,NA,NA,NA,NA,NA,NA
2020-07-22,215572,NA,5365,NA,9254,1379.301,4420,325,47.493,0.05,622,89.516,31,4.461,4521,316,313,46.197,5,1.151,1.1,NA,NA,NA,NA,NA,NA,NA
2020-07-23,221755,31.914,6183,NA,9584,1418.015,4620,330,38.714,0.054,642,92.395,24,3.454,4643,122,321,47.349,8,1.151,1.08,NA,NA,NA,NA,NA,NA,NA
2020-07-24,227668,32.765,5913,0.851,9853,1456.873,4493,269,38.858,0.054,665,95.705,27,3.886,5031,388,329,48.5,8,1.151,1.06,NA,NA,NA,NA,NA,NA,NA
2020-07-25,233631,33.934,5963,1.169,10123,1484.073,4534,270,27.2,0.049,669,96.281,28,4.03,5252,221,337,48.644,8,0.144,1.04,NA,NA,NA,NA,NA,NA,NA
2020-07-26,235792,NA,2161,NA,10312,1500.624,4668,189,16.55,0.047,694,99.878,33,4.749,5306,54,338,48.932,1,0.288,1.03,NA,NA,NA,NA,NA,NA,NA
2020-07-27,239294,34.99,3502,NA,10427,1528.543,4732,115,27.92,0.046,682,98.151,34,4.893,5355,49,340,49.939,2,1.007,1.02,NA,NA,NA,NA,NA,NA,NA
2020-07-28,243126,35.753,3832,0.763,10621,1564.523,4689,194,35.979,0.049,686,98.727,39,5.613,5585,230,347,51.091,7,1.151,1.01,NA,NA,NA,NA,NA,NA,NA
2020-07-29,248429,36.674,5303,0.92,10871,1605.395,4750,250,40.872,0.043,699,100.598,40,5.757,5766,181,355,52.961,8,1.871,1,NA,NA,NA,NA,NA,NA,NA
2020-07-30,254824,37.629,6395,0.955,11155,1643.533,4816,284,38.138,0.039,722,103.908,37,5.325,5971,205,368,53.825,13,0.864,0.99,NA,NA,NA,NA,NA,NA,NA
2020-07-31,261463,38.432,6639,0.803,11420,1682.391,4873,265,38.858,0.04,751,108.082,34,4.893,6173,202,374,55.12,6,1.295,0.98,NA,NA,NA,NA,NA,NA,NA
2020-08-01,267045,39.002,5582,0.569,11690,1703.403,4988,270,21.012,0.043,778,111.967,42,6.045,6319,146,383,55.408,9,0.288,0.98,NA,NA,NA,NA,NA,NA,NA
2020-08-02,271000,39.216,3955,0.215,11836,1720.529,5055,146,17.126,0.046,793,114.126,43,6.188,6396,77,385,55.84,2,0.432,0.98,NA,NA,NA,NA,NA,NA,NA
2020-08-03,272491,39.811,1491,0.595,11955,1749.888,5147,119,29.359,0.046,814,117.149,46,6.62,6420,24,388,58.143,3,2.303,0.97,NA,NA,NA,NA,NA,NA,NA
2020-08-04,276628,40.578,4137,0.766,12159,1786.587,5071,204,36.699,0.046,823,118.444,43,6.188,6684,264,404,59.726,16,1.583,0.96,NA,NA,NA,NA,NA,NA,NA
2020-08-05,281953,NA,5325,NA,12414,1830.194,5035,255,43.607,0.052,847,121.898,41,5.901,6964,280,415,61.021,11,1.295,0.94,NA,NA,NA,NA,NA,NA,NA
2020-08-06,287654,41.398,5701,NA,12717,1872.937,5139,303,42.743,0.061,872,125.496,44,6.332,7154,190,424,62.604,9,1.583,0.92,NA,NA,NA,NA,NA,NA,NA
2020-08-07,294087,42.324,6433,0.926,13014,1901.001,5205,297,28.064,0.056,874,125.784,47,6.764,7374,220,435,63.611,11,1.007,0.88,NA,NA,NA,NA,NA,NA,NA
2020-08-08,299924,43.164,5837,0.84,13209,1920.286,5145,195,19.285,0.052,857,123.337,55,7.915,7622,248,442,64.043,7,0.432,0.87,NA,NA,NA,NA,NA,NA,NA
2020-08-09,303536,43.684,3612,0.52,13343,1927.913,5180,134,7.628,0.046,848,122.042,55,7.915,7718,96,445,64.331,3,0.288,0.85,NA,NA,NA,NA,NA,NA,NA
2020-08-10,304811,43.868,1275,0.183,13396,1944.608,5177,53,16.694,0.048,849,122.186,54,7.772,7772,54,447,66.058,2,1.727,0.83,NA,NA,NA,NA,NA,NA,NA
2020-08-11,308478,44.395,3667,0.528,13512,1974.83,5073,116,30.223,0.049,854,122.905,54,7.772,7980,208,459,67.785,12,1.727,0.82,NA,NA,NA,NA,NA,NA,NA
2020-08-12,313866,45.171,5388,0.775,13722,1999.44,5097,210,24.61,0.04,861,123.913,64,9.211,8154,174,471,69.368,12,1.583,0.82,NA,NA,NA,NA,NA,NA,NA
2020-08-13,318974,45.906,5108,0.735,13893,1999.44,4932,171,0,0.028,834,120.027,63,9.067,8479,325,482,69.368,11,0,0.82,NA,NA,NA,NA,NA,NA,NA
2020-08-14,324851,46.752,5877,0.846,14069,2049.811,4684,176,50.371,0.034,824,118.588,63,9.067,8901,422,484,70.807,2,1.439,0.87,NA,NA,NA,NA,NA,NA,NA
2020-08-15,330785,47.606,5934,0.854,14243,2062.764,4637,174,12.953,0.032,811,116.717,58,8.347,9114,213,492,71.239,8,0.432,0.87,NA,NA,NA,NA,NA,NA,NA
2020-08-16,333530,48.001,2745,0.395,14333,2067.369,4677,90,4.605,0.032,811,116.717,55,7.915,9161,47,495,71.671,3,0.432,0.86,NA,NA,NA,NA,NA,NA,NA
2020-08-17,334311,48.113,781,0.112,14365,2086.798,4681,32,19.429,0.033,807,116.141,56,8.059,9186,25,498,73.686,3,2.015,0.87,NA,NA,NA,NA,NA,NA,NA
2020-08-18,339563,48.869,5252,0.756,14500,2111.12,4546,135,24.322,0.03,768,110.528,56,8.059,9442,256,512,74.693,14,1.007,0.86,NA,NA,NA,NA,NA,NA,NA
2020-08-19,343230,49.397,3667,0.528,14669,2132.851,4451,169,21.731,0.032,782,112.543,61,8.779,9699,257,519,75.844,7,1.151,0.87,NA,NA,NA,NA,NA,NA,NA
2020-08-20,351879,50.641,8649,1.245,14820,2153.288,4362,151,20.436,0.032,752,108.226,60,8.635,9931,232,527,76.564,8,0.72,0.87,NA,NA,NA,NA,NA,NA,NA
2020-08-21,358723,51.626,6844,0.985,14962,2177.61,4343,142,24.322,0.026,766,110.24,63,9.067,10087,156,532,77.571,5,1.007,0.88,NA,NA,NA,NA,NA,NA,NA
2020-08-22,365096,52.544,6373,0.917,15131,2177.61,4310,169,0,0.023,734,105.635,73,10.506,10282,195,539,77.571,7,0,0.9,NA,NA,NA,NA,NA,NA,NA
2020-08-23,368498,53.033,3402,0.49,15227,2200.061,4360,96,22.451,0.026,743,106.93,74,10.65,10322,40,545,78.435,6,0.864,0.95,NA,NA,NA,NA,NA,NA,NA
2020-08-24,370786,53.362,2288,0.329,15287,2214.308,4404,60,14.248,0.024,745,107.218,74,10.65,10338,16,545,81.025,0,2.591,0.95,NA,NA,NA,NA,NA,NA,NA
2020-08-25,374374,53.879,3588,0.516,15386,2243.524,4326,99,29.215,0.026,714,102.757,65,9.355,10497,159,563,82.321,18,1.295,0.96,NA,NA,NA,NA,NA,NA,NA
2020-08-26,380606,55.329,6232,1.45,15589,2266.838,4416,203,23.315,0.023,715,102.901,64,9.211,10601,104,572,84.335,9,2.015,0.95,NA,NA,NA,NA,NA,NA,NA
2020-08-27,384450,NA,3844,NA,15751,2289.433,4415,162,22.595,0.026,741,106.643,60,8.635,10750,149,586,85.487,14,1.151,0.94,NA,NA,NA,NA,NA,NA,NA
2020-08-28,392089,56.428,7639,NA,15908,2312.028,4270,157,22.595,0.028,726,104.484,65,9.355,11044,294,594,86.782,8,1.295,0.94,NA,NA,NA,NA,NA,NA,NA
2020-08-29,398426,57.34,6337,0.912,16065,2326.276,4231,157,14.248,0.031,712,102.469,59,8.491,11231,187,603,87.07,9,0.288,0.94,NA,NA,NA,NA,NA,NA,NA
2020-08-30,403213,58.241,4787,0.9,16164,2330.018,4306,99,3.742,0.025,723,104.052,61,8.779,11253,22,605,88.221,2,1.151,0.94,NA,NA,NA,NA,NA,NA,NA
2020-08-31,404683,NA,1470,NA,16190,2340.955,4264,26,10.938,0.024,726,104.484,63,9.067,11313,60,613,90.524,8,2.303,0.95,NA,NA,NA,NA,NA,NA,NA
2020-09-01,409013,58.864,4330,NA,16266,2368.012,4154,76,27.056,0.025,727,104.628,65,9.355,11483,170,629,92.395,16,1.871,0.97,NA,NA,NA,NA,NA,NA,NA
2020-09-02,415797,59.84,6784,0.976,16454,2391.47,4197,188,23.458,0.028,737,106.067,62,8.923,11615,132,642,93.258,13,0.864,0.98,NA,NA,NA,NA,NA,NA,NA
2020-09-03,421240,60.624,5443,0.783,16617,2414.209,4209,163,22.739,0.026,758,109.089,63,9.067,11760,145,648,94.697,6,1.439,0.98,NA,NA,NA,NA,NA,NA,NA
2020-09-04,428266,61.635,7026,1.011,16775,2439.97,4182,158,25.761,0.025,764,109.953,61,8.779,11935,175,658,95.705,10,1.007,0.98,NA,NA,NA,NA,NA,NA,NA
2020-09-05,436395,62.805,8129,1.17,16954,2453.786,4243,179,13.816,0.023,763,109.809,56,8.059,12046,111,665,96.568,7,0.864,0.98,NA,NA,NA,NA,NA,NA,NA
2020-09-06,439753,63.49,3358,0.686,17050,2459.399,4247,96,5.613,0.025,755,108.657,57,8.203,12132,86,671,97.288,6,0.72,0.97,NA,NA,NA,NA,NA,NA,NA
2020-09-07,441160,NA,1407,NA,17089,2467.602,4256,39,8.203,0.024,766,110.24,54,7.772,12157,25,676,97.432,5,0.144,0.97,NA,NA,NA,NA,NA,NA,NA
2020-09-08,442380,64.231,1220,NA,17146,2491.637,4280,57,24.034,0.023,773,111.248,53,7.628,12189,32,677,99.591,1,2.159,0.98,NA,NA,NA,NA,NA,NA,NA
2020-09-09,446303,64.971,3923,0.74,17313,2509.195,4324,167,17.558,0.023,762,109.665,57,8.203,12297,108,692,101.03,15,1.439,1,NA,NA,NA,NA,NA,NA,NA
2020-09-10,451448,NA,5145,NA,17435,2532.653,4259,122,23.458,0.023,753,108.37,60,8.635,12474,177,702,101.605,10,0.576,1.02,NA,NA,NA,NA,NA,NA,NA
2020-09-11,456538,66.404,5090,NA,17598,2561.58,4273,163,28.927,0.025,746,107.362,55,7.915,12619,145,706,102.613,4,1.007,1.04,NA,NA,NA,NA,NA,NA,NA
2020-09-12,461403,66.739,4865,0.335,17799,2574.821,4336,201,13.24,0.031,735,105.779,56,8.059,12750,131,713,103.189,7,0.576,1.05,NA,NA,NA,NA,NA,NA,NA
2020-09-13,463733,NA,2330,NA,17891,2578.706,4416,92,3.886,0.036,736,105.923,53,7.628,12758,8,717,103.62,4,0.432,1.05,NA,NA,NA,NA,NA,NA,NA
2020-09-14,464657,66.872,924,NA,17918,2599.287,4431,27,20.58,0.044,740,106.499,53,7.628,12767,9,720,104.916,3,1.295,1.06,NA,NA,NA,NA,NA,NA,NA
2020-09-15,467820,67.948,3163,1.076,18061,2621.594,4402,143,22.307,0.035,730,105.059,49,7.052,12930,163,729,105.923,9,1.007,1.07,NA,NA,NA,NA,NA,NA,NA
2020-09-16,472132,68.644,4312,0.696,18216,2646.635,4423,155,25.042,0.037,734,105.635,46,6.62,13057,127,736,106.355,7,0.432,1.07,NA,NA,NA,NA,NA,NA,NA
2020-09-17,476967,NA,4835,NA,18390,2668.799,4410,174,22.163,0.04,744,107.074,43,6.188,13241,184,739,107.794,3,1.439,1.07,NA,NA,NA,NA,NA,NA,NA
2020-09-18,482823,69.486,5856,NA,18544,2695.999,4404,154,27.2,0.044,744,107.074,37,5.325,13391,150,749,108.37,10,0.576,1.08,NA,NA,NA,NA,NA,NA,NA
2020-09-19,488865,70.776,6042,1.289,18733,2708.376,4470,189,12.377,0.033,728,104.772,34,4.893,13510,119,753,108.657,4,0.288,1.1,NA,NA,NA,NA,NA,NA,NA
2020-09-20,491780,NA,2915,NA,18819,2714.708,4506,86,6.332,0.033,723,104.052,37,5.325,13558,48,755,109.521,2,0.864,1.12,NA,NA,NA,NA,NA,NA,NA
2020-09-21,493029,70.955,1249,NA,18863,2736.44,4522,44,21.731,0.034,718,103.332,35,5.037,13580,22,761,110.097,6,0.576,1.13,NA,NA,NA,NA,NA,NA,NA
2020-09-22,496017,71.385,2988,0.43,19014,2752.127,4522,151,15.687,0.038,714,102.757,33,4.749,13727,147,765,110.384,4,0.288,1.15,NA,NA,NA,NA,NA,NA,NA
2020-09-23,499066,71.824,3049,0.439,19123,2775.153,4608,109,23.027,0.04,716,103.045,31,4.461,13748,21,767,112.111,2,1.727,1.2,NA,NA,NA,NA,NA,NA,NA
2020-09-24,502592,73.031,3526,1.207,19283,2816.889,4637,160,41.736,0.037,726,104.484,29,4.174,13867,119,779,112.975,12,0.864,1.26,NA,NA,NA,NA,NA,NA,NA
2020-09-25,507451,NA,4859,NA,19573,2853.588,4775,290,36.699,0.04,744,107.074,30,4.318,14013,146,785,113.551,6,0.576,1.27,NA,NA,NA,NA,NA,NA,NA
2020-09-26,512498,73.757,5047,NA,19828,2877.91,4907,255,24.322,0.057,782,112.543,36,5.181,14132,119,789,113.551,4,0,1.29,NA,NA,NA,NA,NA,NA,NA
2020-09-27,515208,74.147,2710,0.39,19997,2886.257,5048,169,8.347,0.052,791,113.838,36,5.181,14160,28,789,114.558,0,1.007,1.29,NA,NA,NA,NA,NA,NA,NA
2020-09-28,516311,74.306,1103,0.159,20055,2917.343,5083,58,31.086,0.054,794,114.27,41,5.901,14176,16,796,116.141,7,1.583,1.3,NA,NA,NA,NA,NA,NA,NA
2020-09-29,519613,74.781,3302,0.475,20271,2957.064,5125,216,39.721,0.06,780,112.255,42,6.045,14339,163,807,117.005,11,0.864,1.31,NA,NA,NA,NA,NA,NA,NA
2020-09-30,524349,75.463,4736,0.682,20547,2998.225,5245,276,41.16,0.061,814,117.149,44,6.332,14489,150,813,118.732,6,1.727,1.31,NA,NA,NA,NA,NA,NA,NA
2020-10-01,529292,76.174,4943,0.711,20833,2998.225,5374,286,0,0.058,837,120.459,44,6.332,14634,145,825,118.732,12,0,1.31,NA,NA,NA,NA,NA,NA,NA
2020-10-02,534135,76.871,4843,0.697,21096,3070.615,5477,263,72.39,0.062,857,123.337,47,6.764,14787,153,832,120.603,7,1.871,1.39,NA,NA,NA,NA,NA,NA,NA
2020-10-03,538955,77.565,4820,0.694,21336,3096.808,5559,240,26.193,0.057,887,127.654,50,7.196,14939,152,838,121.034,6,0.432,1.41,NA,NA,NA,NA,NA,NA,NA
2020-10-04,541798,77.974,2843,0.409,21518,3106.738,5693,182,9.93,0.058,912,131.252,54,7.772,14984,45,841,121.466,3,0.432,1.44,NA,NA,NA,NA,NA,NA,NA
2020-10-05,543076,78.158,1278,0.184,21587,3147.467,5729,69,40.729,0.06,917,131.972,56,8.059,15014,30,844,122.905,3,1.439,1.47,NA,NA,NA,NA,NA,NA,NA
2020-10-06,546789,78.692,3713,0.534,21870,3210.215,5837,283,62.748,0.065,930,133.843,59,8.491,15179,165,854,124.057,10,1.151,1.51,NA,NA,NA,NA,NA,NA,NA
2020-10-07,552220,79.474,5431,0.782,22306,3273.106,6134,436,62.892,0.069,971,139.743,57,8.203,15310,131,862,125.64,8,1.583,1.54,NA,NA,NA,NA,NA,NA,NA
2020-10-08,556761,80.127,4541,0.654,22743,3347.368,6422,437,74.261,0.088,1033,148.666,53,7.628,15448,138,873,126.647,11,1.007,1.56,NA,NA,NA,NA,NA,NA,NA
2020-10-09,561970,80.877,5209,0.75,23259,3435.445,6816,516,88.077,0.091,1063,152.984,56,8.059,15563,115,880,127.654,7,1.007,1.57,NA,NA,NA,NA,NA,NA,NA
2020-10-10,568018,81.747,6048,0.87,23871,3499.92,7271,612,64.475,0.096,1131,162.77,58,8.347,15713,150,887,128.23,7,0.576,1.57,NA,NA,NA,NA,NA,NA,NA
2020-10-11,571813,82.294,3795,0.546,24319,3511.865,7610,448,11.945,0.094,1189,171.117,59,8.491,15818,105,891,128.374,4,0.144,1.57,NA,NA,NA,NA,NA,NA,NA
2020-10-12,573004,82.465,1191,0.171,24402,3596.344,7663,83,84.479,0.104,1205,173.42,62,8.923,15847,29,892,131.684,1,3.31,1.59,NA,NA,NA,NA,NA,NA,NA
2020-10-13,577324,83.087,4320,0.622,24989,3709.319,8099,587,112.975,0.114,1221,175.723,65,9.355,15975,128,915,132.835,23,1.151,1.6,NA,NA,NA,NA,NA,NA,NA
2020-10-14,583143,83.924,5819,0.837,25774,3827.187,8712,785,117.868,0.124,1307,188.1,64,9.211,16139,164,923,133.699,8,0.864,1.6,NA,NA,NA,NA,NA,NA,NA
2020-10-15,589041,84.773,5898,0.849,26593,3958.727,9175,819,131.54,0.132,1380,198.606,67,9.642,16489,350,929,135.858,6,2.159,1.6,NA,NA,NA,NA,NA,NA,NA
2020-10-16,595365,85.683,6324,0.91,27507,4102.357,9885,914,143.629,0.139,1426,205.226,74,10.65,16678,189,944,137.873,15,2.015,1.59,NA,NA,NA,NA,NA,NA,NA
2020-10-17,602807,86.754,7442,1.071,28505,4189.139,10672,998,86.782,0.138,1450,208.68,76,10.938,16875,197,958,139.312,14,1.439,1.59,NA,NA,NA,NA,NA,NA,NA
2020-10-18,607409,87.417,4602,0.662,29108,4245.986,11228,603,56.847,0.143,1484,213.573,79,11.369,16912,37,968,141.902,10,2.591,1.6,NA,NA,NA,NA,NA,NA,NA
2020-10-19,608990,87.644,1581,0.228,29503,4393.357,11574,395,147.371,0.154,1500,215.876,74,10.65,16943,31,986,145.068,18,3.166,1.6,NA,NA,NA,NA,NA,NA,NA
2020-10-20,613396,88.278,4406,0.634,30527,4585.63,12366,1024,192.273,0.169,1562,224.798,88,12.665,17153,210,1008,146.652,22,1.583,1.6,NA,NA,NA,NA,NA,NA,NA
2020-10-21,624901,89.934,11505,1.656,31863,4797.476,13430,1336,211.846,0.161,1633,235.017,93,13.384,17414,261,1019,150.825,11,4.174,1.6,NA,NA,NA,NA,NA,NA,NA
2020-10-22,633639,91.191,8738,1.258,33335,5027.024,14689,1472,229.548,0.166,1732,249.264,107,15.399,17598,184,1048,153.128,29,2.303,1.59,NA,NA,NA,NA,NA,NA,NA
2020-10-23,642677,92.492,9038,1.301,34930,5255.708,16033,1595,228.684,0.169,1792,257.899,112,16.119,17833,235,1064,154.999,16,1.871,1.58,NA,NA,NA,NA,NA,NA,NA
2020-10-24,652508,93.907,9831,1.415,36519,5405.814,17340,1589,150.106,0.17,1886,271.428,127,18.277,18102,269,1077,156.006,13,1.007,1.58,NA,NA,NA,NA,NA,NA,NA
2020-10-25,659602,94.928,7094,1.021,37562,5452.875,18246,1043,47.061,0.161,1976,284.38,138,19.861,18232,130,1084,157.445,7,1.439,1.59,NA,NA,NA,NA,NA,NA,NA
2020-10-26,661859,95.253,2257,0.325,37889,5775.681,18441,327,322.806,0.182,2036,293.015,146,21.012,18354,122,1094,163.49,10,6.045,1.61,NA,NA,NA,NA,NA,NA,NA
2020-10-27,669518,96.355,7659,1.102,40132,6145.404,20346,2243,369.723,0.193,2130,306.543,149,21.444,18650,296,1136,167.088,42,3.598,1.61,NA,NA,NA,NA,NA,NA,NA
2020-10-28,680744,97.971,11226,1.616,42701,6542.615,22597,2569,397.211,0.217,2217,319.064,145,20.868,18943,293,1161,172.269,25,5.181,1.59,NA,NA,NA,NA,NA,NA,NA
2020-10-29,690690,99.402,9946,1.431,45461,6929.608,25105,2760,386.993,0.232,2316,333.312,162,23.315,19159,216,1197,176.298,36,4.03,1.56,NA,NA,NA,NA,NA,NA,NA
2020-10-30,702066,101.039,11376,1.637,48150,7345.672,27230,2689,416.064,0.245,2376,341.947,167,24.034,19695,536,1225,180.472,28,4.174,1.53,NA,NA,NA,NA,NA,NA,NA
2020-10-31,714700,102.858,12634,1.818,51041,7605.155,29910,2891,259.483,0.246,2447,352.165,165,23.746,19877,182,1254,184.07,29,3.598,1.5,NA,NA,NA,NA,NA,NA,NA
2020-11-01,721959,103.902,7259,1.045,52844,7781.453,31520,1803,176.298,0.259,2612,375.911,166,23.89,20045,168,1279,186.804,25,2.734,1.48,NA,NA,NA,NA,NA,NA,NA
2020-11-02,727416,104.688,5457,0.785,54069,8130.74,32241,1225,349.287,0.25,2680,385.698,169,24.322,20530,485,1298,194.144,19,7.34,1.45,NA,NA,NA,NA,NA,NA,NA
2020-11-03,735326,105.826,7910,1.138,56496,8712.309,34110,2427,581.569,0.271,2841,408.868,180,25.905,21037,507,1349,203.211,51,9.067,1.43,NA,NA,NA,NA,NA,NA,NA
2020-11-04,746392,107.419,11066,1.593,60537,9295.749,37581,4041,583.44,0.291,2922,420.526,210,30.223,21544,507,1412,210.982,63,7.772,1.41,NA,NA,NA,NA,NA,NA,NA
2020-11-05,759595,109.319,13203,1.9,64591,9836.014,41178,4054,540.265,0.293,3191,459.239,239,34.396,21947,403,1466,218.466,54,7.484,1.37,NA,NA,NA,NA,NA,NA,NA
2020-11-06,770726,110.921,11131,1.602,68345,10388.511,44118,3754,552.498,0.308,3424,492.772,250,35.979,22709,762,1518,226.813,52,8.347,1.33,NA,NA,NA,NA,NA,NA,NA
2020-11-07,784575,112.914,13849,1.993,72184,10719.665,47172,3839,331.153,0.31,3563,512.777,257,36.987,23436,727,1576,234.873,58,8.059,1.3,NA,NA,NA,NA,NA,NA,NA
2020-11-08,793277,114.166,8702,1.252,74485,10816.809,49048,2301,97.144,0.296,3715,534.652,271,39.002,23805,369,1632,239.622,56,4.749,1.27,NA,NA,NA,NA,NA,NA,NA
2020-11-09,795428,114.476,2151,0.31,75160,11365.996,49087,675,549.188,0.331,3822,550.051,272,39.145,24408,603,1665,254.877,33,15.255,1.24,NA,NA,NA,NA,NA,NA,NA
2020-11-10,804254,115.746,8826,1.27,78976,11997.792,51922,3816,631.796,0.331,4004,576.244,270,38.858,25283,875,1771,266.391,106,11.513,1.21,NA,NA,NA,NA,NA,NA,NA
2020-11-11,815322,117.339,11068,1.593,83366,12565.545,55716,4390,567.753,0.33,4176,600.998,280,40.297,25799,516,1851,273.155,80,6.764,1.18,NA,NA,NA,NA,NA,NA,NA
2020-11-12,826152,118.897,10830,1.559,87311,13056.878,58699,3945,491.333,0.336,4478,644.461,276,39.721,26714,915,1898,283.517,47,10.362,1.16,NA,NA,NA,NA,NA,NA,NA
2020-11-13,835037,120.176,8885,1.279,90725,13663.057,61168,3414,606.179,0.354,4768,686.197,284,40.872,27587,873,1970,295.75,72,12.233,1.15,NA,NA,NA,NA,NA,NA,NA
2020-11-14,847450,121.963,12413,1.786,94937,14022.562,64613,4212,359.505,0.365,4949,712.246,288,41.448,28269,682,2055,300.931,85,5.181,1.14,NA,NA,NA,NA,NA,NA,NA
2020-11-15,853900,122.891,6450,0.928,97435,14139.998,66539,2498,117.436,0.381,5166,743.476,295,42.456,28805,536,2091,306.543,36,5.613,1.12,NA,NA,NA,NA,NA,NA,NA
2020-11-16,856616,123.282,2716,0.391,98251,14646.442,66746,816,506.444,0.373,5247,755.133,293,42.168,29375,570,2130,328.419,39,21.875,1.1,NA,NA,NA,NA,NA,NA,NA
2020-11-17,864550,124.424,7934,1.142,101770,15341.274,69171,3519,694.832,0.385,5353,770.388,288,41.448,30317,942,2282,347.272,152,18.853,1.09,NA,NA,NA,NA,NA,NA,NA
2020-11-18,876161,126.095,11611,1.671,106598,15908.02,72649,4828,566.746,0.382,5463,786.219,303,43.607,31536,1219,2413,364.11,131,16.838,1.07,NA,NA,NA,NA,NA,NA,NA
2020-11-19,886110,127.526,9949,1.432,110536,16469.152,75526,3938,561.133,0.395,5629,810.109,313,45.046,32480,944,2530,381.236,117,17.126,1.06,NA,NA,NA,NA,NA,NA,NA
2020-11-20,896421,129.01,10311,1.484,114435,17042.374,78459,3899,573.222,0.383,5878,845.945,344,49.507,33327,847,2649,399.802,119,18.565,1.04,NA,NA,NA,NA,NA,NA,NA
2020-11-21,906207,130.419,9786,1.408,118418,17370.361,81252,3983,327.987,0.396,5942,855.155,383,55.12,34388,1061,2778,405.846,129,6.045,1.03,NA,NA,NA,NA,NA,NA,NA
2020-11-22,911936,131.243,5729,0.825,120697,17531.98,82125,2279,161.619,0.406,6193,891.279,408,58.718,35752,1364,2820,414.481,42,8.635,1.02,NA,NA,NA,NA,NA,NA,NA
2020-11-23,914723,131.644,2787,0.401,121820,17984.743,82416,1123,452.763,0.399,6350,913.874,408,58.718,36524,772,2880,441.682,60,27.2,1,NA,NA,NA,NA,NA,NA,NA
2020-11-24,921967,132.687,7244,1.043,124966,18615.388,83671,3146,630.645,0.396,6270,902.36,399,57.423,38226,1702,3069,464.277,189,22.595,0.98,NA,NA,NA,NA,NA,NA,NA
2020-11-25,932441,134.194,10474,1.507,129348,19149.608,86020,4382,534.22,0.4,6365,916.032,392,56.416,40102,1876,3226,484.569,157,20.292,0.97,NA,NA,NA,NA,NA,NA,NA
2020-11-26,941261,135.464,8820,1.269,133060,19663.104,87073,3712,513.496,0.402,6548,942.369,410,59.006,42620,2518,3367,507.883,141,23.315,0.96,NA,NA,NA,NA,NA,NA,NA
2020-11-27,950354,136.772,9093,1.309,136628,20141.917,88224,3568,478.812,0.399,6655,957.768,430,61.884,44875,2255,3529,529.615,162,21.731,0.95,NA,NA,NA,NA,NA,NA,NA
2020-11-28,959533,138.093,9179,1.321,139955,20399.816,89535,3327,257.899,0.395,6647,956.617,436,62.748,46740,1865,3680,539.545,151,9.93,0.94,NA,NA,NA,NA,NA,NA,NA
2020-11-29,964461,138.802,4928,0.709,141747,20506.171,90219,1792,106.355,0.393,6830,982.954,431,62.028,47779,1039,3749,548.9,69,9.355,0.94,NA,NA,NA,NA,NA,NA,NA
2020-11-30,966426,139.085,1965,0.283,142486,20911.154,90078,739,404.983,0.393,6869,988.567,430,61.884,48594,815,3814,580.705,65,31.806,0.93,NA,NA,NA,NA,NA,NA,NA
2020-12-01,973251,140.067,6825,0.982,145300,21411.265,90700,2814,500.112,0.379,6783,976.19,457,65.77,50565,1971,4035,602.725,221,22.019,0.93,NA,NA,NA,NA,NA,NA,NA
2020-12-02,982307,141.371,9056,1.303,148775,21862.877,91587,3475,451.612,0.378,6635,954.89,493,70.951,53000,2435,4188,625.608,153,22.883,0.93,NA,NA,NA,NA,NA,NA,NA
2020-12-03,990785,142.591,8478,1.22,151913,22334.925,92360,3138,472.048,0.375,6635,954.89,523,75.269,55206,2206,4347,648.059,159,22.451,0.94,NA,NA,NA,NA,NA,NA,NA
2020-12-04,999867,143.898,9082,1.307,155193,22855.042,93549,3280,520.116,0.381,6766,973.743,523,75.269,57141,1935,4503,669.214,156,21.156,0.95,NA,NA,NA,NA,NA,NA,NA
2020-12-05,1009397,145.269,9530,1.372,158807,23148.201,94480,3614,293.159,0.383,6744,970.577,504,72.534,59677,2536,4650,680.584,147,11.369,0.95,NA,NA,NA,NA,NA,NA,NA
2020-12-06,1015383,146.131,5986,0.861,160844,23231.241,95442,2037,83.04,0.372,6959,1001.519,516,74.261,60673,996,4729,690.37,79,9.786,0.94,NA,NA,NA,NA,NA,NA,NA
2020-12-07,1016807,146.336,1424,0.205,161421,23629.028,94378,577,397.787,0.375,7000,1007.42,516,74.261,62246,1573,4797,721.025,68,30.654,0.93,NA,NA,NA,NA,NA,NA,NA
2020-12-08,1023067,147.237,6260,0.901,164185,24201.818,93559,2764,572.79,0.389,6821,981.658,523,75.269,65616,3370,5010,742.037,213,21.012,0.92,NA,NA,NA,NA,NA,NA,NA
2020-12-09,1032782,148.635,9715,1.398,168165,24680.774,93981,3980,478.956,0.388,6839,984.249,514,73.973,69028,3412,5156,760.314,146,18.277,0.91,NA,NA,NA,NA,NA,NA,NA
2020-12-10,1041360,149.87,8578,1.235,171493,25123.319,94132,3328,442.545,0.383,6998,1007.132,544,78.291,72078,3050,5283,777.872,127,17.558,0.89,NA,NA,NA,NA,NA,NA,NA
2020-12-11,1049830,151.088,8470,1.219,174568,25569.03,93931,3075,445.711,0.377,7084,1019.509,542,78.003,75232,3154,5405,800.467,122,22.595,0.87,NA,NA,NA,NA,NA,NA,NA
2020-12-12,1058417,152.324,8587,1.236,177665,25754.251,92581,3097,185.221,0.369,7151,1029.151,588,84.623,79522,4290,5562,809.678,157,9.211,0.84,NA,NA,NA,NA,NA,NA,NA
2020-12-13,1062824,152.959,4407,0.634,178952,25825.778,91569,1287,71.527,0.38,7224,1039.657,595,85.631,81757,2235,5626,818.6,64,8.923,0.82,NA,NA,NA,NA,NA,NA,NA
2020-12-14,1064458,153.194,1634,0.235,179449,26127.285,90041,497,301.506,0.364,7244,1042.535,590,84.911,83720,1963,5688,840.188,62,21.588,0.79,NA,NA,NA,NA,NA,NA,NA
2020-12-15,1069756,NA,5298,NA,181544,26522.049,90128,2095,394.765,0.337,7045,1013.896,580,83.472,85578,1858,5838,864.222,150,24.034,0.76,NA,NA,NA,NA,NA,NA,NA
2020-12-16,1077493,155.07,7737,NA,184287,26803.983,90347,2743,281.934,0.33,6997,1006.988,582,83.76,87935,2357,6005,891.71,167,27.488,0.74,NA,NA,NA,NA,NA,NA,NA
2020-12-17,1083606,155.949,6113,0.88,186246,27097.861,89540,1959,293.879,0.325,7034,1012.313,570,82.033,90510,2575,6196,912.29,191,20.58,0.73,NA,NA,NA,NA,NA,NA,NA
2020-12-18,1090431,156.932,6825,0.982,188288,27348.133,88221,2042,250.272,0.304,6900,993.028,567,81.601,93728,3218,6339,934.885,143,22.595,0.72,NA,NA,NA,NA,NA,NA,NA
2020-12-19,1096621,157.823,6190,0.891,190027,27492.338,86909,1739,144.205,0.316,6535,940.498,536,77.14,96622,2894,6496,942.801,157,7.915,0.71,NA,NA,NA,NA,NA,NA,NA
2020-12-20,1100834,158.429,4213,0.606,191029,27516.228,86452,1002,23.89,0.309,6640,955.609,542,78.003,98026,1404,6551,951.148,55,8.347,0.69,NA,NA,NA,NA,NA,NA,NA
2020-12-21,1101624,158.543,790,0.114,191195,27700.011,84828,166,183.782,0.294,6624,953.307,536,77.14,99758,1732,6609,973.599,58,22.451,0.67,NA,NA,NA,NA,NA,NA,NA
2020-12-22,1105928,159.162,4304,0.619,192472,27958.917,83041,1277,258.907,0.286,6287,904.807,523,75.269,102666,2908,6765,990.006,156,16.407,0.65,NA,NA,NA,NA,NA,NA,NA
2020-12-23,1112161,160.059,6233,0.897,194271,28191.344,82302,1799,232.426,0.278,6123,881.204,526,75.7,105090,2424,6879,1004.253,114,14.248,0.63,NA,NA,NA,NA,NA,NA,NA
2020-12-24,1119106,NA,5242,NA,195886,28302.448,82443,1615,111.104,0.247,5714,822.342,533,76.708,106465,1375,6978,1010.73,99,6.476,0.62,NA,NA,NA,NA,NA,NA,NA
2020-12-25,1122775,161.587,2407,NA,196658,28339.434,81955,772,36.987,0.213,5671,816.154,521,74.981,107680,1215,7023,1017.926,45,7.196,0.62,NA,NA,NA,NA,NA,NA,NA
2020-12-26,1124847,161.885,1060,0.298,196915,28406.931,80976,257,67.497,0.225,5580,803.057,512,73.686,108866,1186,7073,1025.121,50,7.196,0.65,NA,NA,NA,NA,NA,NA,NA
2020-12-27,1127820,162.313,1759,0.428,197384,28454.712,80519,469,47.78,0.242,5545,798.02,523,75.269,109742,876,7123,1031.022,50,5.901,0.67,NA,NA,NA,NA,NA,NA,NA
2020-12-28,1130629,162.717,1905,0.404,197716,28503.212,79544,332,48.5,0.192,5571,801.762,523,75.269,111008,1266,7164,1043.543,41,12.521,0.69,NA,NA,NA,NA,NA,NA,NA
2020-12-29,1132996,163.057,1012,0.341,198053,28710.165,78319,337,206.953,0.193,5511,793.127,504,72.534,112483,1475,7251,1065.706,87,22.163,0.72,1719,1719,NA,NA,0.02,0.02,NA
2020-12-30,1141072,164.22,3696,1.162,199491,28958.997,76684,1438,248.833,0.185,5023,722.896,474,68.217,115402,2919,7405,1081.537,154,15.831,0.75,4608,4608,NA,2889,0.07,0.07,NA
2020-12-31,1149545,165.439,4604,1.219,201220,29109.535,75370,1729,150.537,0.175,4831,695.263,467,67.209,118335,2933,7515,1090.316,110,8.779,0.75,NA,NA,NA,NA,NA,NA,NA
2021-01-01,1155283,166.265,3591,0.826,202266,29148.968,75163,1046,39.433,0.173,4756,684.47,464,66.778,119527,1192,7576,1094.346,61,4.03,0.75,4739,4739,NA,NA,0.07,0.07,NA
2021-01-02,1157730,166.617,1831,0.352,202540,29197.9,74593,274,48.932,0.167,4747,683.174,462,66.49,120343,816,7604,1100.102,28,5.757,0.77,NA,NA,NA,NA,NA,NA,NA
2021-01-03,1160292,166.986,1844,0.369,202880,29222.509,73769,340,24.61,0.164,4786,688.787,458,65.914,121467,1124,7644,1104.995,40,4.893,0.79,NA,NA,NA,NA,NA,NA,NA
2021-01-04,1162942,167.367,1806,0.381,203051,29370.6,72962,171,148.091,0.187,4689,674.827,453,65.194,122411,944,7678,1127.59,34,22.595,0.81,NA,NA,NA,NA,NA,NA,NA
2021-01-05,1173704,168.916,5430,1.549,204080,29559.132,71621,1029,188.531,0.145,4405,633.955,411,59.15,124624,2213,7835,1137.233,157,9.642,0.82,5448,5448,NA,NA,0.08,0.08,NA
2021-01-06,1185140,170.562,11456,1.646,205390,29703.337,70722,1310,144.205,0.117,4286,616.829,393,56.559,126766,2142,7902,1145.724,67,8.491,0.81,7913,7913,NA,2465,0.11,0.11,NA
2021-01-07,1195226,172.013,10088,1.452,206392,29828.113,69642,1002,124.776,0.109,4262,613.375,379,54.545,128789,2023,7961,1153.783,59,8.059,0.81,11117,11117,NA,3204,0.16,0.16,NA
2021-01-08,1205134,173.439,9911,1.426,207259,29936.482,69051,867,108.37,0.11,4250,611.648,377,54.257,130191,1402,8017,1162.562,56,8.779,0.8,13355,13355,NA,2238,0.19,0.19,NA
2021-01-09,1215002,174.86,9871,1.42,208012,29993.186,65912,753,56.703,0.096,4186,602.437,380,54.688,134022,3831,8078,1165.297,61,2.734,0.78,13473,13473,NA,118,0.19,0.19,NA
2021-01-10,1220910,175.71,5910,0.85,208406,30008.297,65745,394,15.111,0.09,4190,603.013,380,54.688,134564,542,8097,1169.47,19,4.174,0.76,NA,NA,NA,NA,NA,NA,NA
2021-01-11,1222539,175.944,1629,0.234,208511,30097.525,65126,105,89.229,0.085,4205,605.171,380,54.688,135259,695,8126,1184.726,29,15.255,0.75,14161,14161,NA,NA,0.2,0.2,NA
2021-01-12,1230338,177.067,7804,1.122,209131,30205.463,63057,620,107.938,0.079,4046,582.289,375,53.969,137842,2583,8232,1191.49,106,6.764,0.74,15780,15780,NA,1619,0.23,0.23,NA
2021-01-13,1239980,178.454,9647,1.388,209881,30282.459,61054,750,76.996,0.073,3945,567.753,367,52.818,140548,2706,8279,1201.564,47,10.074,0.74,17038,17038,NA,1258,0.25,0.25,NA
2021-01-14,1247545,179.543,7570,1.089,210416,30359.455,58425,535,76.996,0.071,3681,529.759,348,50.083,143642,3094,8349,1208.328,70,6.764,0.75,17686,17686,NA,648,0.25,0.25,NA
2021-01-15,1254976,180.612,7439,1.069,210951,30438.897,52185,535,79.442,0.07,3631,522.563,343,49.364,150370,6728,8396,1217.107,47,8.779,0.77,18126,18126,NA,440,0.26,0.26,NA
2021-01-16,1263825,181.886,8850,1.274,211503,30472.429,47016,552,33.533,0.068,3500,503.71,343,49.364,156030,5660,8457,1219.553,61,2.447,0.78,18332,18332,NA,206,0.26,0.26,NA
2021-01-17,1268453,182.552,4628,0.666,211736,30483.511,46936,233,11.082,0.069,3485,501.551,340,48.932,156326,296,8474,1220.849,17,1.295,0.8,18453,18453,NA,121,0.27,0.27,NA
2021-01-18,1269647,182.724,1194,0.172,211813,30565.544,46608,77,82.033,0.069,3485,501.551,341,49.076,156722,396,8483,1232.65,9,11.801,0.81,19638,18524,1114,1185,0.28,0.27,0.02
2021-01-19,1277606,183.869,7964,1.145,212383,30643.835,39563,570,78.291,0.064,3312,476.653,329,47.349,164255,7533,8565,1239.702,82,7.052,0.82,22226,19058,3168,2588,0.32,0.27,0.05
2021-01-20,1285526,185.009,7921,1.14,212927,30713.203,33815,544,69.368,0.066,3223,463.845,318,45.766,170498,6243,8614,1245.027,49,5.325,0.85,24127,19834,4293,1901,0.35,0.29,0.06
2021-01-21,1293578,186.168,8057,1.159,213409,30778.685,29660,482,65.482,0.063,3220,463.413,327,47.061,175098,4600,8651,1257.979,37,12.953,0.89,25251,20719,4532,1124,0.36,0.3,0.07
2021-01-22,1301250,187.272,7674,1.104,213864,30860.142,27769,455,81.457,0.063,3045,438.228,297,42.743,177354,2256,8741,1266.326,90,8.347,0.93,26101,21496,4605,850,0.38,0.31,0.07
2021-01-23,1311036,188.68,9786,1.408,214430,30898.424,27029,566,38.282,0.063,2844,409.3,284,40.872,178602,1248,8799,1268.053,58,1.727,0.97,26119,21509,4610,18,0.38,0.31,0.07
2021-01-24,1315515,189.325,4479,0.645,214696,30915.838,26997,266,17.414,0.064,2857,411.171,281,40.441,178888,286,8811,1269.349,12,1.295,1.01,26143,21533,4610,24,0.38,0.31,0.07
2021-01-25,1316722,189.499,1207,0.174,214817,31026.942,26929,121,111.104,0.068,2874,413.618,283,40.729,179068,180,8820,1277.984,9,8.635,1.05,26798,22129,4669,655,0.39,0.32,0.07
2021-01-26,1330261,191.447,13540,1.948,215589,31145.961,26582,772,119.019,0.066,2822,406.134,279,40.153,180127,1059,8880,1283.165,60,5.181,1.07,29122,23667,5455,2324,0.42,0.34,0.08
2021-01-27,1345912,193.7,15656,2.252,216416,31232.024,26505,827,86.062,0.06,2818,405.558,281,40.441,180995,868,8916,1287.194,36,4.03,1.07,32917,25245,7672,3795,0.47,0.36,0.11
2021-01-28,1359188,195.61,13279,1.911,217014,31312.617,26448,598,80.594,0.057,2865,412.322,265,38.138,181622,627,8944,1291.368,28,4.174,1.09,37636,26753,10883,4719,0.54,0.39,0.16
2021-01-29,1371485,197.38,12297,1.77,217574,31412.64,25676,560,100.022,0.055,2877,414.049,257,36.987,182925,1303,8973,1296.405,29,5.037,1.11,40805,27856,12949,3169,0.59,0.4,0.19
2021-01-30,1385067,199.335,13583,1.955,218269,31462.867,25012,695,50.227,0.053,2848,409.876,261,37.562,184249,1324,9008,1299.284,35,2.878,1.12,41020,27957,13063,215,0.59,0.4,0.19
2021-01-31,1389599,199.987,4532,0.652,218618,31481.576,23987,349,18.709,0.053,2866,412.466,263,37.85,185603,1354,9028,1301.73,20,2.447,1.14,41125,28041,13084,105,0.59,0.4,0.19
2021-02-01,1391560,200.269,1962,0.282,218748,31601.315,22651,130,119.739,0.053,2886,415.345,264,37.994,187052,1449,9045,1315.69,17,13.96,1.17,42634,28978,13656,1509,0.61,0.42,0.2
2021-02-02,1403129,201.934,11576,1.665,219580,31740.483,21466,832,139.168,0.057,2850,410.164,265,38.138,188972,1920,9142,1320.871,97,5.181,1.18,45917,30817,15100,3283,0.66,0.44,0.22
2021-02-03,1414581,203.582,11452,1.648,220547,31843.959,20885,967,103.476,0.062,2901,417.503,279,40.153,190484,1512,9178,1326.628,36,5.757,1.19,50124,33691,16433,4207,0.72,0.48,0.24
2021-02-04,1424456,205.004,9876,1.421,221266,31971.038,20496,719,127.079,0.07,2969,427.29,284,40.872,191552,1068,9218,1334.399,40,7.772,1.21,54025,36929,17096,3901,0.78,0.53,0.25
2021-02-05,1434996,206.52,10541,1.517,222149,32102.003,20545,883,130.965,0.075,3033,436.501,277,39.865,192332,780,9272,1338.717,54,4.318,1.21,56860,39468,17392,2835,0.82,0.57,0.25
2021-02-06,1447456,NA,12463,NA,223059,32172.954,20727,910,70.951,0.087,3070,441.825,276,39.721,193030,698,9302,1340.012,30,1.295,1.21,57016,39624,17392,156,0.82,0.57,0.25
2021-02-07,1453189,NA,5733,NA,223552,32199.147,21050,493,26.193,0.084,3133,450.892,281,40.441,193191,161,9311,1342.89,9,2.878,1.22,57038,39646,17392,22,0.82,0.57,0.25
2021-02-08,1455852,209.522,2663,NA,223734,32359.614,21152,182,160.468,0.082,3126,449.885,278,40.009,193251,60,9331,1355.699,20,12.809,1.22,58888,41407,17481,1850,0.85,0.6,0.25
2021-02-09,1467489,NA,11637,NA,224849,32534.042,21374,1115,174.428,0.086,3057,439.955,274,39.433,194055,804,9420,1364.622,89,8.923,1.22,62428,44482,17946,3540,0.9,0.64,0.26
2021-02-10,1480714,NA,13228,NA,226061,32665.438,22065,1212,131.396,0.088,3129,450.317,266,38.282,194514,459,9482,1371.098,62,6.476,1.21,66163,47551,18612,3735,0.95,0.68,0.27
2021-02-11,1490877,214.563,10164,NA,226974,32819.429,22236,913,153.991,0.089,3230,464.852,273,39.289,195211,697,9527,1375.991,45,4.893,1.2,71123,51435,19688,4960,1.02,0.74,0.28
2021-02-12,1502690,216.263,11816,1.7,228044,32958.453,22801,1070,139.024,0.088,3297,474.495,293,42.168,195682,471,9561,1380.741,34,4.749,1.19,74694,54123,20571,3571,1.07,0.78,0.3
2021-02-13,1513852,NA,11164,NA,229010,33031.275,23212,966,72.822,0.086,3317,477.373,304,43.751,196204,522,9594,1382.755,33,2.015,1.19,75320,54646,20674,626,1.08,0.79,0.3
2021-02-14,1520384,218.809,6537,NA,229516,33054.734,23315,506,23.458,0.083,3375,485.72,302,43.463,196593,389,9608,1385.058,14,2.303,1.19,75388,54690,20698,68,1.08,0.79,0.3
2021-02-15,1522236,219.076,1852,0.267,229679,33208.437,23135,163,153.703,0.089,3425,492.916,301,43.319,196920,327,9624,1391.822,16,6.764,1.2,77436,56113,21323,2048,1.11,0.81,0.31
2021-02-16,1533321,220.671,11091,1.595,230747,33402.581,23500,1068,194.144,0.092,3421,492.34,289,41.592,197576,656,9671,1396.428,47,4.605,1.22,81338,58562,22776,3902,1.17,0.84,0.33
2021-02-17,1544924,222.341,11604,1.67,232096,33581.902,24069,1349,179.321,0.097,3513,505.581,284,40.872,198324,748,9703,1402.328,32,5.901,1.24,85920,61813,24107,4582,1.24,0.89,0.35
2021-02-18,1556468,224.002,11545,1.661,233342,33738.196,24710,1246,156.294,0.097,3613,519.972,296,42.599,198888,564,9744,1408.373,41,6.045,1.25,90514,65073,25441,4594,1.3,0.94,0.37
2021-02-19,1567390,225.574,10926,1.572,234428,33948.747,25010,1086,210.551,0.106,3704,533.069,300,43.175,199632,744,9786,1413.41,42,5.037,1.27,104268,77518,26750,13754,1.5,1.12,0.38
2021-02-20,1580691,227.488,13303,1.914,235891,34027.613,26092,1463,78.867,0.1,3775,543.287,316,45.478,199978,346,9821,1416,35,2.591,1.28,108356,81433,26923,4088,1.56,1.17,0.39
2021-02-21,1586386,228.308,5696,0.82,236439,34060.283,26462,548,32.669,0.106,3846,553.505,316,45.478,200138,160,9839,1418.159,18,2.159,1.3,119354,92381,26973,10998,1.72,1.33,0.39
2021-02-22,1589178,228.71,2792,0.402,236666,34337.323,26560,227,277.04,0.117,3880,558.398,321,46.197,200252,114,9854,1429.528,15,11.369,1.32,131063,103111,27952,11709,1.89,1.48,0.4
2021-02-23,1602871,230.681,13695,1.971,238591,34596.374,27629,1925,259.051,0.119,3933,566.026,334,48.068,201029,777,9933,1436.005,79,6.476,1.33,148226,118549,29677,17163,2.13,1.71,0.43
2021-02-24,1615896,232.555,13026,1.875,240391,34845.782,28913,1800,249.408,0.124,4037,580.993,349,50.227,201500,471,9978,1442.913,45,6.908,1.33,168462,136454,32008,20236,2.42,1.96,0.46
2021-02-25,1627934,234.288,12066,1.732,242124,35107.999,30093,1733,262.217,0.133,4202,604.74,369,53.105,202005,505,10026,1450.54,48,7.628,1.32,188512,153793,34719,20050,2.71,2.21,0.5
2021-02-26,1640573,236.106,12645,1.819,243946,35349.924,31173,1822,241.925,0.133,4368,628.63,370,53.249,202694,689,10079,1457.592,53,7.052,1.31,204439,167258,37181,15927,2.94,2.41,0.54
2021-02-27,1654270,238.078,13697,1.971,245627,35505.21,32005,1681,155.287,0.14,4502,647.915,378,54.401,203494,800,10128,1463.205,49,5.613,1.31,209760,172393,37367,5321,3.02,2.48,0.54
2021-02-28,1662699,239.291,8476,1.213,246706,35552.991,31402,1079,47.78,0.136,4674,672.668,380,54.688,205137,1643,10167,1466.659,39,3.454,1.31,212445,175066,37379,2685,3.06,2.52,0.54
2021-03-01,1665229,239.655,2531,0.364,247038,35925.448,31302,332,372.457,0.145,4744,682.743,394,56.703,205545,408,10191,1483.497,24,16.838,1.31,223539,184764,38775,11094,3.22,2.66,0.56
2021-03-02,1681417,241.985,16179,2.33,249626,36271.281,32688,2588,345.833,0.148,4777,687.492,414,59.582,206630,1085,10308,1495.443,117,11.945,1.3,243772,202247,41525,20233,3.51,2.91,0.6
2021-03-03,1695947,244.076,14563,2.091,252029,36437.361,33227,2403,166.08,0.138,5009,720.881,423,60.877,208411,1781,10391,1498.609,83,3.166,1.29,248169,206296,41873,4397,3.57,2.97,0.6
2021-03-04,1702111,244.963,6182,0.887,253183,36753.691,33770,1154,316.33,0.154,5093,732.97,425,61.165,209000,589,10413,1511.993,22,13.384,1.31,268544,221832,46712,20375,3.86,3.19,0.67
2021-03-05,1714278,246.714,12167,1.751,255381,37186.018,34237,2198,432.327,0.173,5307,763.768,440,63.324,210638,1638,10506,1521.348,93,9.355,1.33,284464,234526,49938,15920,4.09,3.38,0.72
2021-03-06,1731143,249.141,16876,2.427,258385,37391.244,35896,3004,205.226,0.17,5463,786.219,437,62.892,211918,1280,10571,1524.514,65,3.166,1.33,287118,237067,50051,2654,4.13,3.41,0.72
2021-03-07,1741614,250.648,10473,1.507,259811,37462.77,36716,1426,71.527,0.168,5629,810.109,452,65.051,212502,584,10593,1527.536,22,3.022,1.33,288631,238575,50056,1513,4.15,3.43,0.72
2021-03-08,1744583,251.075,2971,0.427,260308,37893.802,36807,497,431.032,0.172,5776,831.265,456,65.626,212887,385,10614,1549.124,21,21.588,1.33,294132,243479,50653,5501,4.23,3.5,0.73
2021-03-09,1761628,NA,17056,NA,263303,38397.8,38424,2995,503.998,0.186,5903,849.543,503,72.39,214115,1228,10764,1568.984,150,19.861,1.34,302151,250507,51644,8019,4.35,3.61,0.74
2021-03-10,1778810,NA,17193,NA,266805,38797.026,38385,3502,399.226,0.202,6017,865.949,497,71.527,217518,3403,10902,1582.944,138,13.96,1.33,309145,256410,52735,6994,4.45,3.69,0.76
2021-03-11,1792497,NA,13691,NA,269579,39246.191,38531,2774,449.165,0.19,6395,920.35,501,72.102,220049,2531,10999,1596.616,97,13.672,1.33,324446,270587,53859,15301,4.67,3.89,0.78
2021-03-12,1809772,260.457,17277,NA,272700,39700.825,39823,3121,454.634,0.183,6604,950.428,502,72.246,221783,1734,11094,1611.296,95,14.68,1.32,336660,279324,57336,12214,4.85,4.02,0.83
2021-03-13,1826934,NA,17161,NA,275859,39991.394,41183,3159,290.569,0.203,6818,981.227,506,72.822,223480,1697,11196,1616.765,102,5.469,1.32,337904,280137,57767,1244,4.86,4.03,0.83
2021-03-14,1837507,NA,10614,NA,277878,40089.113,42046,2019,97.72,0.205,6948,999.936,522,75.125,224598,1118,11234,1624.104,38,7.34,1.31,338879,280462,58417,975,4.88,4.04,0.84
2021-03-15,1841263,264.989,3759,NA,278557,40756.457,42090,679,667.344,0.206,7101,1021.955,533,76.708,225182,584,11285,1651.017,51,26.912,1.32,341707,281713,59994,2828,4.92,4.05,0.86
2021-03-16,1860746,NA,19497,NA,283194,41385.95,44663,4637,629.493,0.21,7269,1046.133,577,83.04,227059,1877,11472,1666.416,187,15.399,1.31,345994,284266,61728,4287,4.98,4.09,0.89
2021-03-17,1879949,NA,19214,NA,287568,41990.546,47173,4374,604.596,0.219,7600,1093.77,612,88.077,228816,1757,11579,1685.989,107,19.573,1.29,350702,286950,63752,4708,5.05,4.13,0.92
2021-03-18,1897593,NA,17652,NA,291769,42567.366,49597,4201,576.82,0.223,7804,1123.129,609,87.646,230457,1641,11715,1700.668,136,14.68,1.26,356052,289311,66741,5350,5.12,4.16,0.96
2021-03-19,1915561,275.682,17973,NA,295777,43166.349,51919,4008,598.983,0.228,8082,1163.138,670,96.424,232041,1584,11817,1717.219,102,16.55,1.24,362721,293176,69545,6669,5.22,4.22,1
2021-03-20,1934005,NA,18449,NA,299939,43532.042,54411,4162,365.693,0.23,8332,1199.117,689,99.159,233596,1555,11932,1722.112,115,4.893,1.21,366547,295794,70753,3826,5.28,4.26,1.02
2021-03-21,1945976,NA,11979,NA,302480,43667.756,56277,2541,135.714,0.23,8545,1229.772,691,99.447,234237,641,11966,1729.74,34,7.628,1.19,368905,297681,71224,2358,5.31,4.28,1.03
2021-03-22,1950384,280.694,4410,NA,303423,44310.634,56633,943,642.878,0.226,8660,1246.322,690,99.303,234771,534,12019,1754.062,53,24.322,1.17,376370,302517,73853,7465,5.42,4.35,1.06
2021-03-23,1969186,283.4,18808,2.706,307890,45008.775,58671,4467,698.142,0.23,8689,1250.496,691,99.447,237031,2260,12188,1771.188,169,17.126,1.15,388805,310415,78390,12435,5.6,4.47,1.13
2021-03-24,1989047,NA,19869,NA,312741,45638.413,60832,4851,629.637,0.232,8927,1284.748,729,104.916,239602,2571,12307,1786.443,119,15.255,1.13,401309,321332,79977,12504,5.78,4.62,1.15
2021-03-25,2006166,288.722,17120,NA,317116,46212.354,62392,4375,573.941,0.232,9125,1313.243,743,106.93,242311,2709,12413,1800.691,106,14.248,1.11,415601,332467,83134,14292,5.98,4.78,1.2
2021-03-26,2023997,291.288,17825,2.566,321104,46806.588,64120,3988,594.234,0.233,9281,1335.695,769,110.672,244472,2161,12512,1813.499,99,12.809,1.09,430228,343120,87108,14627,6.19,4.94,1.25
2021-03-27,2042578,293.962,18656,2.674,325233,47171.705,65181,4129,365.118,0.219,9430,1357.138,751,108.082,247451,2979,12601,1820.551,89,7.052,1.08,434158,346392,87766,3930,6.25,4.99,1.26
2021-03-28,2054509,295.679,11931,1.717,327770,47313.176,66216,2537,141.471,0.219,9674,1392.254,769,110.672,248904,1453,12650,1829.186,49,8.635,1.06,436541,348327,88214,2383,6.28,5.01,1.27
2021-03-29,2058602,296.268,4094,0.589,328753,47960.371,66682,983,647.195,0.234,9839,1416,773,111.248,249361,457,12710,1858.401,60,29.215,1.05,445547,355220,90327,9006,6.41,5.11,1.3
2021-03-30,2078028,299.064,19424,2.796,333250,48705.286,67864,4497,744.915,0.236,9679,1392.974,752,108.226,252473,3112,12913,1880.709,203,22.307,1.04,458731,365650,93081,13184,6.6,5.26,1.34
2021-03-31,2098426,301.999,20455,2.936,338426,49310.745,69666,5176,605.459,0.23,9811,1411.971,748,107.65,255692,3219,13068,1899.274,155,18.565,1,472443,377440,95003,13712,6.8,5.43,1.37
2021-04-01,2116322,304.575,17947,2.576,342633,49842.375,69875,4207,531.63,0.229,10093,1452.555,772,111.104,259561,3869,13197,1915.968,129,16.694,0.99,486002,388595,97407,13559,6.99,5.59,1.4
2021-04-02,2134815,307.236,18502,2.661,346327,50419.914,70919,3694,577.539,0.227,10152,1461.046,747,107.506,262095,2534,13313,1933.958,116,17.99,0.97,498085,398203,99882,12083,7.17,5.73,1.44
2021-04-03,2155426,310.203,20647,2.966,350340,50696.091,70811,4013,276.177,0.217,10382,1494.147,753,108.37,266091,3996,13438,1943.888,125,9.93,0.95,502078,401514,100564,3993,7.23,5.78,1.45
2021-04-04,2166074,311.735,10648,1.532,352259,50802.59,69177,1919,106.499,0.217,10521,1514.152,758,109.089,269575,3484,13507,1955.689,69,11.801,0.93,503570,402693,100877,1492,7.25,5.8,1.45
2021-04-05,2170167,312.324,4129,0.589,352999,51358.11,68977,740,555.52,0.212,10649,1532.573,747,107.506,270433,858,13589,1984.041,82,28.352,0.91,510049,407622,102427,6479,7.34,5.87,1.47
2021-04-06,2189411,315.094,19210,2.77,356859,51358.11,69644,3860,0,0.165,10402,1497.026,734,105.635,273429,2996,13786,1984.041,197,0,0.9,519635,414790,104845,9586,7.48,5.97,1.51
2021-04-07,2206820,317.599,17576,2.505,360863,52446.123,70757,4004,1088.013,0.201,10355,1490.261,755,108.657,276188,2759,13918,2019.732,132,35.691,0.95,533453,425706,107747,13818,7.68,6.13,1.55
2021-04-08,2224530,320.148,17713,2.549,364419,52871.686,71720,3556,425.563,0.195,10429,1500.911,777,111.824,278665,2477,14034,2039.305,116,19.573,0.92,552516,442439,110077,19063,7.95,6.37,1.58
2021-04-09,2240606,322.462,16083,2.314,367376,53275.085,71227,2957,403.4,0.188,10404,1497.313,813,117.005,281979,3314,14170,2059.166,136,19.861,0.89,567396,454711,112685,14880,8.17,6.54,1.62
2021-04-10,2257555,324.901,16965,2.439,370179,53469.661,71002,2803,194.576,0.189,10271,1478.172,812,116.861,284869,2890,14308,2065.354,138,6.188,0.86,571062,458084,112978,3666,8.22,6.59,1.63
2021-04-11,2266672,326.213,9118,1.312,371531,53536.151,71381,1352,66.49,0.189,10365,1491.701,801,115.278,285799,930,14351,2074.997,43,9.642,0.85,572662,459409,113253,1600,8.24,6.61,1.63
2021-04-12,2270329,326.739,3658,0.526,371993,53985.46,71317,462,449.309,0.182,10382,1494.147,797,114.702,286258,459,14418,2103.924,67,28.927,0.83,579992,465348,114644,7330,8.35,6.7,1.65
2021-04-13,2287726,329.243,17402,2.504,375115,54409.152,71140,3122,423.692,0.216,9970,1434.853,776,111.68,289356,3098,14619,2122.201,201,18.277,0.82,590495,474072,116423,10503,8.5,6.82,1.68
2021-04-14,2303963,331.58,16242,2.337,378059,54771.391,69962,2944,362.239,0.166,9799,1410.244,799,114.99,293351,3995,14746,2140.191,127,17.99,0.79,605377,485498,119879,14882,8.71,6.99,1.73
2021-04-15,2319263,333.782,15297,2.202,380576,55085.85,68707,2517,314.459,0.162,9685,1393.837,807,116.141,296998,3647,14871,2155.734,125,15.543,0.79,620375,496994,123381,14998,8.93,7.15,1.78
2021-04-16,2333971,335.898,14747,2.117,382761,55391.818,67391,2185,305.968,0.158,9523,1370.522,811,116.717,300391,3393,14979,2173.148,108,17.414,0.78,634129,507245,126884,13754,9.13,7.3,1.83
2021-04-17,2349606,NA,15638,NA,384887,55546.673,65754,2126,154.855,0.168,9195,1323.318,801,115.278,304033,3642,15100,2178.617,121,5.469,0.78,637216,509196,128020,3087,9.17,7.33,1.84
2021-04-18,2357428,NA,7822,NA,385963,55606.83,65588,1076,60.157,0.167,9204,1324.613,797,114.702,305237,1204,15138,2186.82,38,8.203,0.77,638443,509905,128538,1227,9.19,7.34,1.85
2021-04-19,2362070,339.942,4644,NA,386381,55957.124,64508,418,350.294,0.149,9229,1328.211,783,112.687,306678,1441,15195,2218.05,57,31.23,0.77,645486,514417,131069,7043,9.29,7.4,1.89
2021-04-20,2378019,342.238,15952,2.295,388815,56258.774,62481,2434,301.65,0.142,8834,1271.364,780,112.255,310922,4244,15412,2233.305,217,15.255,0.76,657333,521956,135377,11847,9.46,7.51,1.95
2021-04-21,2391777,344.218,13800,1.98,390911,56546.896,61120,2096,288.122,0.14,8598,1237.399,765,110.097,314273,3351,15518,2247.697,106,14.392,0.75,676501,533316,143185,19168,9.74,7.68,2.06
2021-04-22,2405956,346.258,14215,2.041,392913,56546.896,59087,2002,0,0.117,8435,1213.941,786,113.119,318208,3935,15618,2247.697,100,0,0.75,698517,546700,151817,22016,10.05,7.87,2.18
2021-04-23,2419383,348.191,13423,1.932,394594,57034.631,57473,1681,487.735,0.134,8309,1195.807,781,112.399,321400,3192,15721,2277.632,103,29.935,0.79,716940,556719,160221,18423,10.32,8.01,2.31
2021-04-24,2434235,350.328,14888,2.137,396302,57149.477,56599,1708,114.846,0.123,8073,1161.843,751,108.082,323877,2477,15826,2282.381,105,4.749,0.78,721170,558405,162765,4230,10.38,8.04,2.34
2021-04-25,2441727,351.406,7493,1.078,397100,57207.044,56855,798,57.567,0.125,8087,1163.858,738,106.211,324386,509,15859,2289.289,33,6.908,0.76,723240,559274,163966,2070,10.41,8.05,2.36
2021-04-26,2447180,352.191,5454,0.785,397500,57460.194,56650,400,253.15,0.123,8080,1162.85,746,107.362,324943,557,15907,2317.209,48,27.92,0.75,734150,564282,169868,10910,10.57,8.12,2.44
2021-04-27,2461198,354.208,14023,2.017,399259,57726.441,54115,1759,266.247,0.123,7669,1103.7,724,104.196,329043,4100,16101,2328.866,194,11.657,0.73,750899,572924,177975,16749,10.81,8.25,2.56
2021-04-28,2479203,356.8,17987,2.591,401109,57925.334,52509,1850,198.893,0.11,7480,1076.5,714,102.757,332418,3375,16182,2342.682,81,13.816,0.7,776254,585719,190535,25355,11.17,8.43,2.74
2021-04-29,2493241,358.82,14082,2.02,402491,58103.36,50782,1382,178.025,0.124,7168,1031.598,697,100.31,335431,3013,16278,2355.635,96,12.953,0.68,803176,595509,207667,26922,11.56,8.57,2.99
2021-04-30,2509499,361.16,16259,2.34,403728,58197.194,49048,1237,93.834,0.09,6824,982.09,682,98.151,338312,2881,16368,2360.096,90,4.461,0.66,815463,602109,213354,12287,11.74,8.67,3.07
2021-05-01,2518362,362.435,8864,1.276,404380,58264.259,48447,652,67.065,0.092,6905,993.748,674,97,339534,1222,16399,2366.573,31,6.476,0.66,821218,606144,215074,5755,11.82,8.72,3.1
2021-05-02,2525448,363.455,7086,1.02,404846,58314.342,48513,466,50.083,0.092,6790,977.197,670,96.424,339889,355,16444,2373.481,45,6.908,0.66,824623,608428,216195,3405,11.87,8.76,3.11
2021-05-03,2528642,363.915,3194,0.46,405194,58405.154,48260,348,90.812,0.081,6754,972.016,662,95.273,340442,553,16492,2381.54,48,8.059,0.65,833510,613677,219833,8887,12,8.83,3.16
2021-05-04,2535366,364.883,6724,0.968,405825,58457.972,48109,631,52.818,0.069,6706,965.108,649,93.402,341168,726,16548,2390.319,56,8.779,0.66,844643,619256,225387,11133,12.16,8.91,3.24
2021-05-05,2541572,365.776,6206,0.893,406192,58693.276,47357,367,235.304,0.086,6670,959.927,637,91.675,342226,1058,16609,2413.921,61,23.602,0.7,877124,625922,251202,32481,12.62,9.01,3.62
2021-05-06,2556505,367.925,14948,2.149,407827,58771.711,46159,1635,78.435,0.073,6158,886.241,599,86.206,344895,2669,16773,2417.807,164,3.886,0.71,884254,629749,254505,7130,12.73,9.06,3.66
2021-05-07,2562234,368.749,5733,0.825,408372,58933.33,46083,545,161.619,0.097,6138,883.363,587,84.479,345489,594,16800,2430.184,27,12.377,0.73,922371,638468,283903,38117,13.27,9.19,4.09
2021-05-08,2577231,370.908,14999,2.158,409495,59000.395,44739,1123,67.065,0.087,5855,842.635,570,82.033,347870,2381,16886,2432.487,86,2.303,0.73,932419,642807,289612,10048,13.42,9.25,4.17
2021-05-09,2584732,371.987,7503,1.08,409961,59035.079,44874,466,34.684,0.084,5882,846.52,566,81.457,348185,315,16902,2436.372,16,3.886,0.73,938064,646068,291996,5645,13.5,9.3,4.2
2021-05-10,2590585,372.829,5853,0.842,410202,59190.222,44881,241,155.143,0.088,5912,850.838,562,80.881,348392,207,16929,2453.067,27,16.694,0.73,963539,651694,311845,25475,13.87,9.38,4.49
2021-05-11,2606975,375.188,16392,2.359,411280,59316.437,42838,1078,126.215,0.083,5571,801.762,555,79.874,351397,3005,17045,2461.558,116,8.491,0.71,999287,661204,338083,35748,14.38,9.52,4.87
2021-05-12,2620183,377.089,13190,1.901,412157,59410.991,41434,877,94.554,0.063,5410,778.591,535,76.996,353619,2222,17104,2468.178,59,6.62,0.68,1035763,673441,362322,36476,14.91,9.69,5.21
2021-05-13,2631255,378.683,11106,1.593,412814,59483.813,38515,657,72.822,0.066,5250,755.565,526,75.7,357149,3530,17150,2474.51,46,6.332,0.66,1073523,685543,387980,37760,15.45,9.87,5.58
2021-05-14,2642503,380.301,11247,1.619,413320,59558.362,36124,506,74.549,0.054,5114,735.992,516,74.261,360002,2853,17194,2481.562,44,7.052,0.65,1106760,697366,409394,33237,15.93,10.04,5.89
2021-05-15,2656622,382.333,14126,2.032,413838,59587.577,34602,518,29.215,0.051,4832,695.407,504,72.534,361993,1991,17243,2482.57,49,1.007,0.65,1113351,700203,413148,6591,16.02,10.08,5.95
2021-05-16,2663903,383.381,7281,1.048,414041,59609.308,34464,203,21.731,0.05,4839,696.415,501,72.102,362327,334,17250,2483.865,7,1.295,0.65,1116741,702012,414729,3390,16.07,10.1,5.97
2021-05-17,2668212,384.001,4309,0.62,414192,59706.74,34458,151,97.432,0.046,4858,699.149,499,71.815,362475,148,17259,2495.954,9,12.089,0.64,1134977,709006,425971,18236,16.33,10.2,6.13
2021-05-18,2684714,386.376,16505,2.375,414869,59772.51,32844,677,65.77,0.041,4592,660.867,490,70.519,364682,2207,17343,2501.135,84,5.181,0.62,1161048,720124,440924,26071,16.71,10.36,6.35
2021-05-19,2698506,388.361,13794,1.985,415326,59824.464,30483,457,51.954,0.037,4379,630.213,485,69.8,367464,2782,17379,2506.46,36,5.325,0.61,1191397,733149,458248,30349,17.15,10.55,6.59
2021-05-20,2709565,389.953,11061,1.592,415687,59877.426,28490,361,52.961,0.035,4201,604.596,460,66.202,369781,2317,17416,2510.922,37,4.461,0.61,1225601,746125,479476,34204,17.64,10.74,6.9
2021-05-21,2722728,391.847,13165,1.894,416055,59929.524,27053,368,52.098,0.032,4073,586.174,442,63.611,371555,1774,17447,2514.807,31,3.886,0.61,1250667,756201,494466,25066,18,10.88,7.12
2021-05-22,2737194,393.929,14466,2.082,416417,59950.824,25975,362,21.3,0.031,3849,553.937,417,60.013,372968,1413,17474,2516.678,27,1.871,0.61,1257015,758350,498665,6348,18.09,10.91,7.18
2021-05-23,2743168,394.789,5976,0.86,416565,59962.481,25876,148,11.657,0.031,3817,549.332,410,59.006,373202,234,17487,2517.973,13,1.295,0.61,1260683,759630,501053,3668,18.14,10.93,7.21
2021-05-24,2749884,395.755,6716,0.967,416646,59974.138,25765,81,11.657,0.023,3807,NA,402,NA,373385,183,17496,2520.42,9,2.447,0.61,1265855,760923,504932,5172,18.22,10.95,7.27
2021-05-25,2754463,396.414,4550,0.659,416727,60032.568,25511,81,58.43,0.026,3781,NA,406,NA,373703,318,17513,2530.206,17,9.786,0.63,1282717,766754,515963,16862,18.46,11.03,7.43
2021-05-26,2768262,398.4,13839,1.986,417133,60089.128,23426,406,56.559,0.026,3533,NA,383,NA,376126,2423,17581,2535.387,68,5.181,0.65,1303575,777089,526486,20858,18.76,11.18,7.58
2021-05-27,2782132,400.396,13872,1.996,417526,60131.296,22591,393,42.168,0.024,3396,NA,375,NA,377318,1192,17617,2538.266,36,2.878,0.66,1321786,787995,533791,18211,19.02,11.34,7.68
2021-05-28,2795296,402.291,13164,1.895,417819,60172.6,21026,293,41.304,NA,3295,NA,379,NA,379156,1838,17637,2540.425,20,2.159,NA,1341130,796827,544303,19344,19.3,11.47,7.83
